560.806152344,1339.38549805,ow
605.553527832,1465.89624023,ow
699.231079102,1501.06164551,ow
435.408050537,1745.7487793,ax
318.354309082,2291.07324219,ey
276.897918701,2006.33325195,ey
379.84463501,1706.66845703,uw
246.996658325,1131.76123047,ow
528.46472168,2343.23486328,ey
1409.30212402,1929.22070312,ow
448.540863037,2357.74487305,ih
244.233825684,1281.27319336,ow
415.795196533,2110.01391602,uw
588.778991699,1445.28479004,ow
458.360473633,1334.33190918,ow
304.367462158,2366.32006836,iy
634.320983887,1921.76257324,eh
424.10055542,1933.15283203,ih
421.230773926,2251.39233398,ih
445.044769287,2324.04418945,ih
223.776916504,1632.64343262,ow
214.969467163,1055.31970215,ow
650.975891113,1482.6217041,ow
383.524658203,1913.26757812,uw
445.614959717,1906.8873291,iy
440.707641602,2197.81542969,uw
433.044433594,1947.58886719,iy
422.779327393,881.481079102,ao
442.507354736,2361.03515625,ih
437.169769287,2408.94799805,ey
421.327453613,2522.31201172,ey
381.565734863,1741.86694336,uw
626.632324219,1878.09936523,eh
286.590454102,2057.63476562,uw
628.690795898,1312.1394043,ow
537.570251465,1879.74951172,eh
260.436828613,1115.44763184,ow
242.877914429,2552.72119141,iy
641.232666016,1374.83361816,ow
605.142578125,1287.85437012,ow
379.676330566,1691.74658203,uw
766.152404785,1622.3046875,ow
510.44152832,1241.62792969,ow
639.698242188,1448.47180176,ow
421.947814941,2525.54492188,iy
615.45501709,2302.83447266,iy
406.585693359,2477.6965332,ey
237.998794556,1322.88452148,uw
642.877075195,1966.24035645,eh
409.184295654,1844.71862793,uw
430.353881836,1644.43725586,iy
283.550476074,1569.52001953,eh
446.854431152,1541.65686035,ah
653.793701172,1350.84838867,ow
618.894165039,1418.84216309,ow
631.635437012,1840.87658691,eh
419.726257324,2398.68676758,ey
402.973327637,2241.84033203,ih
370.218383789,2483.14257812,ih
453.429260254,1876.26330566,ax
534.380371094,1385.03564453,ow
397.386688232,2300.6953125,ih
411.864349365,2428.58740234,ey
416.376068115,2086.87402344,iy
224.01574707,1172.37451172,uw
567.894592285,1241.15393066,ow
400.242767334,2446.62695312,ey
358.055786133,2607.02539062,iy
424.926177979,2537.49243164,ey
239.759841919,2106.52856445,ih
231.479415894,1045.82873535,ow
426.857788086,2078.25854492,uw
603.249755859,1319.56726074,ow
714.441223145,1566.20544434,ow
468.140136719,1309.61340332,ah
465.660705566,2058.22314453,ih
395.308868408,2465.61914062,ey
408.268341064,2606.59301758,iy
402.457733154,1720.20727539,eh
440.264068604,1722.85412598,ah
391.432159424,2517.26782227,ey
402.666107178,1933.97583008,ah
446.601318359,2353.2253418,ey
419.534637451,1564.86706543,ow
218.330123901,1142.12268066,ow
426.873168945,1797.19726562,ax
479.185302734,1227.4967041,ow
601.949462891,1473.05822754,ow
229.625061035,1090.59484863,ow
489.432769775,963.298400879,ao
628.408447266,1399.66906738,ow
211.961135864,1850.2902832,ow
432.378692627,2548.17651367,ey
424.02835083,2145.26269531,uw
617.310241699,1359.80541992,ow
460.819580078,2179.47607422,ih
371.764282227,2376.40625,ax
342.672485352,2006.40734863,uw
456.466827393,2439.77099609,ey
420.071472168,1117.09265137,ow
672.591796875,1391.89343262,ow
314.279541016,1615.62561035,eh
560.671386719,2337.65917969,ey
318.321105957,2602.50488281,iy
403.345489502,2538.22558594,ey
462.643188477,1329.72070312,ao
617.692138672,2445.69067383,ey
533.927307129,1339.7364502,ow
227.354690552,1663.13317871,ow
419.488952637,852.524536133,ao
602.230529785,1344.60522461,ow
469.203826904,822.658691406,ao
525.436218262,1271.34387207,ow
447.076202393,2259.81469727,ih
433.603759766,2100.27197266,uw
514.167297363,2368.33837891,ey
246.390899658,2343.37207031,iy
457.52935791,1795.05407715,ax
337.742858887,1683.7454834,ax
491.637786865,2247.14794922,ey
422.50769043,2555.56738281,ey
417.475708008,2337.60449219,iy
647.085021973,1483.14428711,ow
600.461914062,1368.94677734,ow
402.843383789,2113.81958008,uw
418.380767822,2401.39306641,ih
372.418426514,1872.50646973,uw
360.448730469,2083.00024414,ey
321.899780273,1752.53820801,ow
623.030212402,1252.30175781,ow
446.760559082,2509.26782227,ey
484.884094238,2216.85253906,ih
368.479827881,2632.07617188,iy
358.343017578,864.390197754,ow
368.399353027,2174.2109375,uw
590.996826172,1801.45593262,eh
443.090087891,2089.87524414,iy
433.327697754,2344.27929688,ih
398.715026855,2312.77783203,ih
392.946716309,816.709106445,ao
619.001831055,1461.85412598,ah
337.721008301,1524.4765625,eh
415.664886475,2465.62792969,iy
546.243713379,1135.52282715,ow
226.407592773,1195.80371094,uw
378.100067139,1104.13232422,ow
655.763549805,1316.15161133,ow
402.228759766,2412.27661133,ey
648.278991699,1297.47045898,ah
589.81463623,1958.47546387,eh
500.0,1500.0,ih
375.899200439,2076.41870117,uw
580.001098633,1379.67578125,ow
609.490356445,1268.17236328,ow
449.32989502,859.762390137,ao
447.017608643,2045.48266602,uw
373.536529541,1536.45959473,uw
462.485534668,1526.66833496,ah
616.09765625,1841.7845459,eh
481.33291626,2423.12109375,ey
470.819366455,1718.19885254,ax
443.447387695,1543.38879395,iy
220.696289062,1185.78308105,uw
396.552307129,1946.63037109,uw
401.022857666,1316.51855469,ow
368.292999268,1845.67541504,uw
386.101806641,1695.43054199,uw
644.289916992,1941.36853027,eh
473.259002686,1236.56262207,ow
429.6875,2372.30957031,iy
546.338256836,1858.1105957,ah
630.505249023,1261.32763672,ow
683.535583496,1567.13769531,ow
268.596038818,1491.67028809,uw
358.532562256,1710.92590332,ow
412.667694092,896.374511719,ow
330.747039795,1560.39404297,eh
475.007354736,1706.13305664,iy
599.593139648,1387.05371094,ow
368.545196533,1922.24609375,ih
333.011444092,1620.16479492,eh
420.486816406,1294.02575684,ow
676.395141602,1623.97314453,ow
570.314880371,2356.65649414,ey
382.728546143,2285.3972168,ih
331.486114502,1600.43225098,ow
410.607299805,2480.9855957,ey
767.371887207,1717.80932617,ah
422.165313721,2289.76489258,iy
416.547241211,2158.51416016,iy
403.425170898,2553.83032227,ey
444.55657959,894.353149414,ao
561.846008301,1416.86242676,ow
242.58203125,1130.30847168,ow
420.674682617,1851.06213379,ax
379.1640625,2092.02661133,uw
363.048706055,1570.5369873,eh
647.656616211,1483.55993652,ow
664.658447266,1737.47229004,ow
463.360992432,2345.96118164,ey
583.644348145,1349.41394043,ow
490.716796875,2251.94921875,ey
197.412796021,1086.10595703,uw
384.300628662,1610.75695801,ow
393.296386719,1524.50915527,ow
638.408996582,1428.04248047,ow
609.327636719,1322.82629395,ow
458.032043457,1149.26733398,ow
360.803619385,1592.07397461,eh
573.831115723,1371.80297852,ow
1222.3059082,1572.8001709,ow
416.320556641,1851.53503418,ax
408.344970703,1965.16845703,iy
364.485778809,1886.50817871,ah
476.685760498,1662.81555176,ah
609.965698242,1429.66894531,ow
522.10168457,1320.83044434,ah
511.637969971,1352.6776123,ow
423.458190918,2453.94335938,ey
362.927764893,2478.93896484,ey
413.142669678,1594.36328125,ow
426.230682373,1733.5447998,ax
635.388183594,1405.27612305,ow
193.195510864,1548.9597168,uw
240.36000061,2037.32861328,uw
582.486938477,1215.79138184,ow
452.966156006,1976.30651855,iy
272.088867188,1965.29150391,uw
405.798950195,1838.30541992,ah
286.844329834,1567.70874023,eh
474.799591064,2393.44189453,ey
575.83972168,1246.47412109,ao
360.022033691,2359.07568359,ey
364.635528564,1727.01647949,uw
457.04095459,1780.42626953,ah
418.565917969,1784.99182129,ax
380.466400146,1970.35400391,uw
436.369934082,2367.01904297,ey
329.535858154,1521.73193359,eh
444.485351562,880.239562988,ao
433.522216797,2037.43652344,uw
697.700134277,1430.61877441,ow
406.739898682,1243.30578613,ow
372.059387207,2468.16088867,ey
369.662384033,1733.01062012,uw
381.390899658,2040.50292969,uw
316.19732666,2328.05029297,ih
424.407928467,1148.42468262,ow
520.633483887,1220.43908691,ao
421.129211426,2278.76049805,iy
446.295928955,926.33807373,ow
398.735015869,2446.02441406,ey
456.885467529,2047.06921387,ih
454.371948242,893.86315918,ao
624.194030762,1350.41259766,ow
279.797119141,979.734191895,ow
450.782501221,2463.98999023,iy
734.922790527,1656.53125,ow
609.427001953,1344.97705078,ow
402.317260742,798.304138184,ao
616.365783691,1378.95019531,ow
521.845153809,1669.39257812,ah
287.107788086,2653.60229492,iy
470.396820068,1200.57873535,ao
412.495452881,2281.1394043,ih
428.931793213,2554.31152344,ey
430.513305664,2317.57885742,ih
443.791534424,1735.55615234,ax
451.834991455,2389.85131836,ey
186.370574951,2698.56445312,iy
439.242675781,2432.21264648,ey
524.476135254,1093.03955078,ow
468.895874023,1177.32531738,ow
215.908050537,1030.42248535,ow
341.687469482,2442.84130859,ax
466.459472656,1504.23852539,ow
522.891357422,1373.17858887,ow
474.754486084,1203.75402832,ow
448.65045166,1765.52392578,ah
295.971710205,2202.2980957,ey
220.19694519,1746.10644531,ow
270.813140869,2203.01000977,ih
431.629486084,2513.08666992,ey
553.903320312,1328.71105957,ao
265.599456787,1955.94946289,ih
523.462280273,2294.6875,ey
345.707672119,1436.78759766,uw
369.584289551,1767.12487793,uw
438.610931396,2351.27685547,iy
634.340148926,1883.9543457,eh
430.591247559,1832.7598877,ah
482.215484619,1742.8347168,ah
481.810760498,1687.90649414,iy
426.160736084,2057.48217773,uw
495.363006592,2367.27319336,ey
562.753356934,2389.05932617,ey
349.689758301,2307.32421875,ih
643.234985352,2233.78686523,iy
460.368591309,2154.73583984,ih
256.279083252,1889.03845215,uw
200.52355957,925.226501465,ow
230.692764282,1254.93920898,uw
466.55355835,875.316711426,ao
625.221496582,1907.03881836,eh
480.949188232,967.091003418,ao
503.830200195,1229.30786133,ao
611.725952148,1849.52929688,eh
446.67791748,2229.86254883,iy
593.847839355,1336.70947266,ow
422.457244873,850.302307129,ao
433.686401367,1675.06872559,iy
395.502716064,2292.98803711,iy
557.65032959,1441.81005859,ow
521.208618164,1140.5234375,ow
225.397994995,1090.6418457,uw
518.877319336,1130.81933594,ow
285.281677246,977.355102539,ow
444.956359863,889.992553711,ao
200.820114136,1380.84729004,ow
410.789337158,2322.15258789,ih
454.624755859,1837.78967285,ax
644.963989258,1933.03979492,eh
331.080505371,2309.1105957,ah
395.933197021,2011.22814941,iy
320.77835083,1980.0378418,uw
559.944152832,1349.50476074,ow
433.805389404,2315.75585938,ih
629.480529785,1890.4197998,eh
461.27255249,1900.76477051,iy
560.16998291,1180.79467773,ow
410.423614502,759.610595703,ao
514.635192871,1081.4161377,ao
400.105621338,1868.34277344,uw
545.865478516,1119.5982666,ao
441.51940918,827.670654297,ao
430.262573242,1308.80236816,ow
617.118835449,1947.70825195,ey
465.901580811,2163.46362305,ih
592.898132324,1218.92773438,ow
614.516601562,1342.1619873,ow
541.967712402,987.377746582,ao
591.147033691,1297.76477051,ow
429.061950684,801.679443359,ao
427.828063965,2500.31811523,ey
480.242431641,1217.21118164,ow
590.642700195,1297.74780273,ow
415.406494141,1343.49609375,ow
623.108154297,1304.21142578,ow
642.833496094,1324.97375488,ow
423.761444092,2572.7253418,ey
459.32598877,2101.43310547,ey
525.588684082,1127.20385742,ow
636.37487793,1432.37927246,ow
634.267456055,1817.43359375,eh
478.085266113,1060.12890625,ow
404.327301025,1886.24572754,ax
426.622070312,860.389465332,ao
240.664581299,1124.6854248,uw
267.678985596,2507.62036133,iy
457.676696777,2203.89160156,ih
644.084350586,1276.62243652,ow
651.45111084,1746.04284668,ow
561.297668457,1797.27416992,eh
463.867095947,954.690307617,ao
468.489898682,1709.42700195,iy
411.902862549,1715.72106934,ax
516.965393066,1144.24353027,ow
454.335876465,935.494506836,ao
419.744354248,1736.17480469,ah
250.38734436,1827.32995605,iy
433.229827881,1694.28540039,iy
503.158905029,2459.12109375,ey
321.107330322,2129.14233398,iy
377.344299316,2472.37915039,ey
374.034606934,2112.52050781,uw
370.562957764,2453.34570312,ey
407.460754395,2199.58813477,uw
367.725616455,2411.17675781,ey
563.123596191,1908.93908691,iy
462.932281494,1125.04577637,ow
425.565551758,1688.34899902,ah
307.201721191,1191.58154297,ow
636.385375977,1597.48242188,ow
567.390136719,2264.53369141,ey
730.921447754,1660.1628418,ah
442.548828125,901.45098877,ao
648.243164062,1573.98217773,ow
444.996795654,2292.55297852,ih
658.446838379,1367.64501953,ow
405.353851318,1943.56237793,ey
468.471466064,2122.49902344,ey
537.312805176,1957.5892334,eh
431.317657471,2073.96020508,ih
435.999542236,1823.25280762,ah
358.054351807,2486.96264648,iy
521.467895508,1276.57141113,ao
704.04309082,1588.4119873,ow
416.001983643,2199.32104492,uw
422.016571045,2400.45825195,ih
296.319091797,1910.25927734,uw
414.405792236,2482.68408203,ey
354.051696777,2603.11376953,iy
635.488891602,1960.05236816,eh
518.042480469,1269.12487793,ow
488.825439453,1351.24658203,ow
495.514038086,1238.75646973,uw
263.074035645,1779.57617188,ih
294.99810791,1946.76623535,uw
426.120788574,2385.47094727,ey
533.32409668,1226.17993164,ow
440.269622803,2039.36218262,iy
386.987304688,1563.52429199,iy
445.856628418,1144.12109375,ow
446.821350098,2118.50537109,iy
431.628082275,1052.31347656,ow
427.125335693,2173.85571289,ih
448.59564209,860.564575195,ao
441.351196289,849.80859375,ao
422.868591309,2173.97998047,ih
396.558837891,804.721862793,ao
326.614318848,1648.45141602,ow
690.326416016,1859.58361816,eh
582.043395996,2473.23242188,ey
465.672485352,2367.98974609,ey
607.112976074,1886.43615723,eh
285.263061523,2183.66552734,iy
396.701141357,2585.32128906,ih
617.905883789,1419.30554199,ow
696.096740723,1475.25256348,ow
644.205871582,1921.38830566,eh
213.705184937,2091.99414062,ih
642.973266602,1328.20166016,ow
439.698730469,1254.00268555,ow
354.576507568,1909.0098877,ax
342.111999512,2536.95092773,ey
389.613250732,989.717590332,ow
435.091308594,1980.00097656,iy
517.421020508,2501.55615234,ey
427.975769043,2338.19946289,iy
365.035858154,1959.25219727,uw
427.759429932,2205.62597656,uw
431.755523682,885.049865723,ao
473.629211426,1250.80871582,ow
605.924499512,1881.37573242,eh
303.091217041,1606.15454102,ow
270.1222229,1083.58825684,ow
898.301147461,1510.15087891,ah
430.570831299,901.343200684,ao
217.408035278,1371.24487305,ow
447.879821777,1896.8059082,uw
437.583892822,2250.58911133,ih
388.612884521,1422.83630371,ax
571.304626465,2290.08129883,ey
414.961517334,1491.37158203,ow
419.741394043,2466.92407227,iy
459.704071045,2080.046875,iy
498.319641113,1509.01074219,ah
314.789398193,1950.35778809,uw
443.077880859,1719.03381348,eh
446.669433594,2461.109375,iy
660.429504395,1536.74047852,ah
244.032333374,985.827819824,ow
694.28729248,1373.0949707,ow
595.23046875,1097.81103516,ow
479.963562012,1660.23571777,iy
468.899383545,920.153808594,ao
522.159667969,1258.58410645,ow
237.096786499,2011.41760254,ey
419.65612793,2394.60449219,ih
339.409393311,1525.8145752,ow
569.368591309,2259.47216797,ey
433.959411621,1218.1776123,uw
350.803833008,2328.34179688,iy
382.400238037,2410.30712891,ey
241.229003906,885.197692871,ow
427.282165527,2409.53344727,ih
245.472915649,1917.13061523,ih
649.184692383,1937.88793945,eh
622.489440918,1708.76025391,ow
671.390869141,1972.8572998,eh
605.430541992,1221.93469238,ow
437.692565918,2273.3425293,ih
512.676696777,1154.37548828,ow
575.478515625,1386.9765625,ow
633.60534668,1860.09570312,eh
591.911010742,1388.38122559,ow
683.870849609,1381.31542969,ah
408.999237061,1708.03955078,ey
406.24899292,2067.55932617,uw
459.073547363,1688.34936523,ah
363.871429443,1571.58435059,uw
208.29788208,1451.66687012,uw
399.723937988,2241.75341797,ih
460.457580566,1797.49084473,iy
450.702941895,861.749084473,ao
368.11920166,1744.55810547,ey
570.325744629,2350.40405273,ey
404.268707275,2397.30200195,ih
306.952758789,1828.16235352,ax
339.887390137,2038.04321289,uw
433.49331665,2309.79272461,ih
351.798675537,2260.39526367,iy
419.664672852,2460.70117188,iy
454.401702881,941.032043457,ao
662.926025391,1422.2220459,ow
571.394165039,1298.85864258,ow
349.032196045,1044.15539551,ow
355.275268555,2059.20336914,uw
407.660522461,1780.41845703,iy
418.841400146,1787.96289062,ah
411.655181885,1794.05236816,iy
561.925964355,2337.88574219,ey
627.556945801,1496.70214844,ow
425.896240234,1423.19042969,uw
452.395324707,2082.52392578,iy
442.208404541,2084.5637207,iy
688.315612793,1514.88122559,ow
449.812683105,2216.48730469,iy
619.199829102,1863.26757812,eh
656.768859863,1610.3704834,ow
628.541748047,1415.96789551,ow
391.315216064,1541.88195801,ax
258.149383545,1912.21313477,iy
384.192321777,779.954833984,ao
474.583831787,2308.30859375,ih
226.756134033,1166.12231445,ow
664.383300781,1415.60974121,ow
389.820678711,1247.17687988,uw
453.430114746,2344.95092773,iy
455.947357178,830.737609863,ao
353.884979248,2169.69262695,iy
410.828887939,1925.84985352,iy
304.87097168,2377.12646484,iy
435.239959717,1709.28515625,iy
437.219085693,2224.25952148,ih
431.86920166,2560.47216797,ey
389.943023682,1945.80786133,uw
287.780761719,2213.60717773,ih
382.198883057,2428.14038086,ih
469.519775391,801.275817871,ao
601.702453613,1822.27062988,eh
192.677581787,1470.24926758,uw
469.440734863,1062.73913574,ow
384.495758057,2032.81811523,iy
443.72756958,2421.56274414,iy
588.589355469,1367.78991699,ow
480.191864014,2224.06469727,iy
382.160095215,1111.08532715,ow
250.231277466,2312.9831543,iy
443.282775879,2289.34741211,ih
441.474243164,2099.22436523,iy
396.842498779,2150.60449219,ey
410.040405273,825.034973145,ao
478.858825684,2179.72119141,ih
414.335510254,1992.88183594,uw
270.984954834,1216.39550781,ow
449.443786621,1801.85229492,ah
414.901306152,2071.00952148,iy
335.372161865,1557.24914551,ow
295.790008545,2161.58105469,ah
387.219116211,2034.50305176,uw
389.938934326,2355.16796875,iy
397.84197998,1902.45336914,iy
455.032073975,2321.31567383,ih
466.477539062,1875.46240234,ah
449.014831543,1056.48669434,ow
491.241821289,2353.25219727,ey
544.300476074,1788.9765625,eh
629.852111816,1432.31738281,ow
391.226074219,790.437805176,ao
460.133758545,2524.90771484,ey
354.848449707,2358.11206055,iy
432.706115723,1041.52636719,ow
353.753845215,2337.91601562,ax
622.526733398,1631.0480957,ow
450.85345459,2098.33911133,ih
477.919647217,1232.7722168,ao
362.805603027,2042.01147461,uw
400.690704346,2360.97729492,iy
527.39440918,1053.62988281,ao
207.181625366,1961.66455078,ey
649.937011719,1940.4942627,eh
475.224151611,1350.74133301,ow
444.610900879,1783.71191406,ah
424.407562256,2059.54614258,iy
241.676589966,1152.44689941,uw
369.644165039,1906.95825195,uw
416.674468994,2489.9855957,ih
651.188171387,1383.86047363,ow
404.728057861,2048.43676758,uw
583.364624023,2299.18554688,ey
495.300476074,1403.34204102,ow
636.851379395,1925.66320801,eh
430.909912109,1918.51269531,iy
555.594360352,1845.04052734,eh
319.073028564,1538.84094238,uw
462.861236572,2326.0402832,ey
393.216217041,1883.49084473,uw
418.258026123,2500.26977539,iy
571.277587891,1170.10058594,ow
637.039855957,1901.67456055,eh
435.790496826,2233.18432617,uw
240.182052612,1056.46777344,ow
497.757263184,1890.5769043,eh
532.262878418,1163.51428223,ow
486.830474854,2351.64306641,ey
359.622528076,2569.47265625,ey
702.178222656,1388.49462891,ah
633.691833496,1768.55627441,eh
443.719573975,868.351806641,ao
370.471405029,1628.56933594,uw
651.20300293,1882.90600586,eh
431.430175781,2362.14331055,ey
749.937072754,1646.71191406,ah
407.8046875,2163.20458984,iy
554.390686035,1224.75671387,ow
425.285522461,1890.87988281,iy
448.92364502,2424.72021484,iy
434.315185547,1551.28295898,ah
253.305633545,1636.60095215,ow
440.767211914,2183.71582031,iy
609.77355957,2079.828125,ey
547.083190918,2198.31835938,ey
399.768432617,796.054992676,ao
619.793273926,1956.29589844,eh
408.155426025,2158.76318359,uw
246.17199707,1149.77722168,ow
378.934661865,1788.64221191,ih
433.114929199,2204.8737793,ih
433.669891357,2270.17773438,uw
407.929016113,1776.59277344,ax
420.277526855,2577.69824219,ey
489.798980713,1574.44177246,ah
478.787658691,2106.68725586,ih
397.941619873,2602.04174805,ey
403.381286621,2169.84350586,uw
428.036987305,2479.94628906,iy
434.873809814,1886.8293457,iy
664.739685059,1923.8026123,eh
594.285339355,1866.39123535,eh
416.797790527,1637.78283691,ah
393.494171143,1889.90087891,uw
308.205200195,1668.90563965,ax
412.528808594,786.328369141,ao
395.241821289,2029.78503418,uw
410.76260376,1463.42419434,ow
621.520996094,1918.52929688,eh
394.017181396,2232.06494141,uw
388.608215332,1889.2487793,uw
427.274139404,1886.7010498,iy
446.179168701,2059.91918945,uw
310.375671387,2598.81958008,iy
517.953674316,2424.44189453,ey
412.187225342,751.15032959,ao
739.852661133,1605.87902832,ow
440.307769775,1764.38269043,ax
662.550231934,1398.15991211,ow
659.429870605,1369.26403809,ow
456.546203613,920.476867676,ao
426.141906738,1615.56311035,ah
429.318572998,1940.31237793,uw
208.604476929,824.411865234,ow
587.577270508,1282.74414062,ow
346.739318848,2416.70117188,iy
602.185302734,1455.56237793,ow
463.301757812,1900.43518066,iy
260.290557861,1194.10083008,uw
469.579437256,2200.45288086,ey
638.181335449,1471.57519531,ow
506.416442871,1545.25170898,iy
579.523803711,1484.33959961,ow
219.915161133,1046.4888916,uw
564.125610352,1197.64221191,ow
489.18258667,1220.81677246,ow
442.085388184,2234.68725586,iy
231.167755127,1842.91247559,ey
374.085144043,2095.86499023,uw
430.40637207,1474.73303223,ow
300.66519165,1915.61254883,uw
571.490234375,1251.48522949,ow
582.807434082,1966.26281738,ey
569.460327148,1829.61328125,eh
274.623809814,1967.63183594,ih
426.415222168,2350.53417969,ih
360.648040771,1544.74829102,uw
605.278198242,1379.09277344,ow
366.061309814,2301.28564453,iy
592.783203125,1216.8125,ow
432.829986572,1790.12609863,ax
361.424835205,1709.77490234,eh
763.285400391,1449.81408691,ah
420.165313721,1728.61474609,ah
626.444763184,1490.91760254,ow
462.992401123,2370.96435547,ey
793.41394043,1583.00146484,ah
611.083129883,1408.02807617,ow
378.054595947,2562.05737305,ey
394.107269287,1745.35046387,uw
299.668762207,1122.0255127,ow
269.725708008,2124.45288086,ey
598.280822754,1213.71679688,ow
441.073791504,2020.8416748,uw
427.316558838,1683.64660645,iy
392.106842041,1289.28320312,ow
363.483917236,2224.82006836,ih
414.564849854,818.988342285,ao
600.54876709,1204.25146484,ow
228.078338623,867.786132812,ow
824.063842773,1627.02185059,ah
277.91003418,2028.00695801,ey
681.608764648,1611.01379395,ow
429.868408203,2616.59667969,ey
472.645324707,1242.64904785,ow
468.297058105,1874.53515625,iy
445.491577148,1366.86706543,uw
420.358215332,2307.04663086,iy
558.199829102,1158.59326172,ow
421.155029297,1523.98205566,ow
658.310241699,1971.39526367,eh
382.500549316,770.784545898,ao
448.399414062,958.049743652,ao
479.332885742,1393.2512207,ah
346.163665771,2435.03759766,ey
668.609863281,1622.64892578,ow
371.898742676,2546.5234375,iy
399.368225098,785.124389648,ao
516.803100586,1281.54321289,ao
427.555419922,2496.75341797,iy
570.322143555,1153.66125488,ao
433.268493652,1628.18884277,ah
593.089538574,2258.18652344,ey
431.451629639,2466.51391602,iy
441.736358643,1822.66455078,ah
546.912902832,2052.25097656,ey
488.74432373,907.997375488,ao
385.663787842,1057.22375488,ow
436.501525879,2078.06298828,uw
441.357543945,2287.92114258,ih
458.668365479,886.131408691,ao
490.831726074,1217.18579102,ow
609.358276367,2363.93115234,ey
647.161743164,1278.00390625,ow
457.067962646,1608.64624023,iy
383.93649292,1525.86999512,ow
397.140625,1505.5880127,ow
475.025543213,1564.91003418,ah
454.079681396,2344.58032227,ey
502.026184082,2408.8984375,ey
402.520751953,1958.10949707,iy
434.379272461,1258.82629395,ow
360.281066895,2376.35986328,iy
446.656555176,903.813049316,ao
426.779693604,874.42401123,ao
425.293701172,2563.82373047,ey
577.660095215,2288.65771484,ey
432.108215332,2412.13305664,ey
515.876098633,1195.0357666,ow
489.468383789,1432.64099121,ow
442.373199463,872.127075195,ao
441.899841309,2011.27038574,iy
408.030853271,867.491455078,ow
573.595397949,1346.44384766,ow
243.631958008,1227.33752441,ow
677.893066406,1884.67321777,eh
477.113861084,1652.52282715,iy
464.176300049,2441.27246094,iy
201.933288574,2720.45776367,iy
499.869232178,961.768432617,ao
465.176696777,2281.38623047,ih
415.987884521,2453.68847656,ih
406.379882812,1962.48815918,ax
412.269287109,2235.13793945,iy
531.621948242,1365.0748291,ow
431.368438721,2574.04296875,ey
266.733398438,2058.03759766,uw
617.588684082,2009.05895996,eh
647.015380859,1923.04431152,eh
245.858596802,923.956542969,ow
412.658660889,858.445678711,ao
376.601287842,1922.21472168,uw
637.605834961,1996.76428223,eh
388.522186279,1500.35070801,uw
271.593994141,2306.5222168,ax
407.745574951,2060.23852539,uw
414.945159912,2081.59350586,uw
600.273803711,1316.55456543,uw
444.517608643,2382.92871094,ih
415.998840332,1603.70678711,ah
647.085449219,1508.01245117,ow
551.444946289,1927.49841309,eh
610.950378418,1953.4576416,eh
455.374237061,949.608398438,ao
286.47467041,2060.79492188,ey
630.395996094,1872.13818359,eh
438.413879395,2261.29296875,iy
316.006195068,1007.3581543,ow
212.861160278,805.852233887,ow
601.705566406,1249.66479492,ow
449.119781494,1180.48144531,ao
465.352386475,1217.07543945,ow
407.427642822,2213.21118164,ih
427.639831543,1858.43041992,ax
521.787109375,1047.48657227,ao
454.342163086,886.875244141,ao
458.96685791,1854.94433594,iy
533.952392578,2261.34130859,iy
447.951751709,1937.99890137,uw
429.2918396,2071.80297852,uw
245.822845459,1087.44213867,ow
339.014678955,2302.20825195,ax
463.550567627,2509.3371582,ey
496.4949646,1357.97753906,ow
586.169616699,1134.2409668,ow
511.334014893,1113.90307617,ow
402.195098877,2141.20043945,iy
413.091461182,2048.58325195,uw
681.195861816,1845.97827148,eh
440.424346924,1970.80004883,iy
593.057006836,1369.40600586,uw
535.746459961,2301.19555664,ey
376.525848389,1392.12927246,ow
593.67767334,2222.47094727,ey
366.61416626,1635.60888672,ah
662.421020508,1913.13366699,eh
423.536560059,2380.75,ey
460.238433838,1817.31481934,iy
384.164398193,2456.73168945,ey
201.177978516,1237.3404541,uw
498.599060059,1140.95751953,ao
435.763336182,1127.0690918,ow
430.92666626,2038.52209473,uw
424.49118042,1904.48400879,ax
633.186340332,1395.33117676,ow
550.900085449,1687.7565918,iy
388.350891113,1433.77355957,ow
272.660491943,1901.79943848,uw
436.892211914,2302.66577148,ey
444.969665527,799.201721191,ao
376.058166504,1896.95532227,uw
576.618713379,1394.16772461,ow
694.340576172,1357.38671875,ow
875.013000488,1322.17004395,ah
674.503967285,1994.97680664,eh
638.948486328,1923.16931152,eh
275.160675049,2760.06054688,iy
347.03692627,2423.09814453,ey
680.911499023,1817.16467285,ey
457.460449219,2242.83056641,ih
693.040039062,1606.29394531,ow
805.445251465,1315.1895752,ah
327.871124268,2018.27148438,ey
668.138977051,1698.9173584,uw
203.279464722,961.640991211,ow
438.305358887,942.368286133,ow
359.061553955,2518.54931641,iy
649.755981445,1892.78027344,eh
312.630615234,1891.23339844,ah
443.305023193,1972.10339355,iy
397.857177734,1810.51928711,ah
422.640838623,1604.82299805,iy
369.886993408,1748.28308105,ah
272.325775146,1879.75976562,uw
653.777282715,1336.79907227,ow
372.977783203,2431.71337891,ey
517.784484863,1435.93615723,ow
538.039978027,1231.19628906,ow
438.133361816,2558.39770508,ey
590.754333496,1277.47229004,ow
652.432922363,1845.19299316,eh
428.44317627,2564.35205078,ey
362.202758789,1560.57348633,iy
592.935913086,1204.17321777,ow
664.314758301,1468.90795898,ow
403.35949707,2050.19995117,uw
415.610046387,1804.33276367,uw
545.362792969,1194.37097168,ao
411.337158203,2529.74829102,ey
447.170654297,877.258361816,ao
472.1769104,1696.55212402,iy
434.824188232,2440.96557617,ih
366.394348145,2544.48706055,ey
400.002349854,801.15234375,ao
465.714172363,2288.54345703,iy
370.363098145,1304.57373047,iy
488.88848877,1389.34655762,ao
277.702789307,2017.54882812,iy
403.733032227,1896.71081543,iy
274.578430176,2171.10302734,ey
366.950317383,2232.36010742,iy
569.490356445,1440.61169434,ow
567.781494141,1336.40112305,ow
438.283294678,2536.25219727,ey
412.079956055,1788.6394043,iy
328.492034912,1879.10461426,uw
448.845062256,878.593566895,ao
920.842834473,1675.26123047,ah
671.815185547,1459.13024902,ah
238.578445435,2143.88330078,ih
419.31652832,2462.68383789,ey
550.874511719,1407.93261719,ow
423.66784668,2608.27661133,ey
533.405212402,1055.22167969,ow
560.202941895,1378.46948242,ow
411.583129883,2446.22265625,ey
429.716033936,2531.91113281,ey
435.096069336,1961.92163086,iy
527.537475586,1311.48095703,ow
498.590057373,1701.41479492,ah
347.258056641,1749.67712402,uw
618.737304688,1393.10253906,ow
618.232421875,1873.30786133,eh
492.655975342,2272.58154297,ih
407.380096436,2407.40039062,iy
406.516571045,2407.12109375,iy
289.041412354,596.08380127,ow
418.421905518,2302.75610352,ih
384.337738037,1996.07897949,uw
506.775177002,2282.96020508,ey
678.969543457,1941.9309082,eh
544.303222656,1322.49572754,ow
239.232040405,1450.35791016,ey
376.834411621,1894.77282715,uw
594.001586914,1705.0670166,eh
514.110717773,2410.31689453,ey
428.00692749,2420.12817383,ih
210.206344604,1001.97564697,ow
543.938476562,1201.29077148,ao
433.862518311,2195.24487305,ih
498.317352295,1899.57983398,eh
599.551452637,2088.19799805,ey
475.122314453,1194.49890137,ow
387.805358887,2459.47387695,ey
625.76550293,1707.90917969,ow
208.448532104,2645.14672852,iy
572.071716309,2318.7902832,ey
598.778259277,1435.69189453,ow
330.122314453,1945.79516602,uw
343.228515625,1527.91638184,ey
417.711547852,2058.06884766,uw
430.891693115,2265.23632812,ih
477.651824951,2304.02319336,ey
386.982513428,2011.17346191,uw
366.15057373,2537.1003418,iy
432.481842041,1301.66296387,ow
386.964569092,2405.40283203,iy
389.812042236,867.116333008,ow
457.38973999,1680.71862793,ah
658.784973145,1367.71936035,ow
611.755554199,1225.51806641,ow
373.077911377,2123.20849609,uw
534.125549316,1385.27392578,ao
239.179336548,1228.53430176,ow
653.778198242,1921.00817871,eh
414.34362793,1435.63122559,ow
320.54309082,1661.94641113,ow
579.563781738,1196.32885742,ow
340.895874023,1871.33093262,uw
445.772033691,888.674133301,ao
360.601318359,2460.1027832,ih
553.679504395,1496.53747559,uw
409.511169434,1771.00500488,ax
406.639770508,2046.53137207,iy
626.214538574,1876.25390625,eh
424.911254883,1889.76147461,ah
435.205780029,2628.9453125,ey
442.691101074,785.494750977,ao
371.888031006,2356.5300293,ih
364.855010986,1973.07141113,uw
441.267150879,2383.03881836,iy
436.532775879,2336.45385742,ih
412.42956543,1984.6496582,iy
416.400390625,2403.55834961,ey
639.429870605,1432.29772949,ow
610.726257324,1881.7791748,eh
397.400939941,2462.41137695,iy
321.021057129,2046.69287109,uw
358.648223877,1365.4855957,uw
703.270812988,1508.60058594,ow
704.904296875,1267.98706055,ah
420.53427124,2190.265625,ih
502.679748535,1816.86804199,iy
456.187469482,1807.05749512,iy
409.653259277,1951.27001953,uw
358.755371094,1886.83312988,ah
643.911621094,1479.16687012,ow
466.060272217,2183.95849609,ih
494.472442627,2193.15649414,ey
298.735168457,1900.47802734,uw
352.168518066,2200.51513672,ow
300.323638916,2019.66650391,iy
428.768035889,2136.22851562,ih
248.590576172,1623.04577637,ow
362.565185547,1696.09594727,uw
570.086669922,2254.86132812,ey
428.430236816,1920.86425781,ax
576.030517578,1438.1472168,ow
424.718994141,2359.52514648,ey
870.354248047,1502.19470215,ah
723.788452148,1364.46508789,ow
246.917816162,2048.26586914,ey
444.884155273,2226.24682617,iy
392.136383057,2409.51489258,ey
410.923553467,1262.78234863,ow
372.434051514,2637.04516602,iy
481.145355225,2076.89013672,ih
331.448974609,1482.97521973,ow
617.452880859,1911.78039551,eh
463.84362793,1768.30761719,ah
443.379547119,2517.39672852,ey
622.200378418,1402.00976562,ow
332.06652832,2611.15551758,iy
639.394775391,1316.90246582,ow
642.067504883,1347.71240234,uw
405.523864746,1096.22180176,ow
545.022338867,1199.61621094,ow
347.247772217,1939.82739258,uw
354.437255859,2401.62451172,ih
418.686431885,1751.50402832,ax
348.555908203,1950.5625,uw
408.916412354,807.164245605,ao
337.704376221,1525.32946777,uw
539.892028809,1130.55859375,ao
310.517608643,2062.59887695,ih
855.150634766,1632.59680176,ah
560.791748047,1153.94384766,ow
623.345031738,1287.17370605,ow
399.099700928,796.015441895,ao
521.453125,1366.43579102,ow
681.670898438,1639.34179688,ow
394.159240723,2567.70727539,ey
401.775970459,2228.17041016,ih
658.290405273,1480.92480469,ow
246.761108398,1578.22473145,ow
396.374755859,738.285949707,ao
359.113464355,1663.73022461,uw
318.137268066,1967.37658691,uw
437.400665283,1065.74694824,ow
522.652160645,1297.55285645,ow
543.937744141,1186.85131836,ow
524.021850586,1092.30749512,ao
451.993133545,2560.02880859,ey
492.127929688,1876.20861816,iy
401.830780029,1999.02038574,uw
377.935241699,1785.19189453,uw
417.398529053,2351.09082031,ih
571.959228516,1217.00085449,ow
444.396728516,2516.15600586,ey
591.041870117,1849.81665039,eh
211.059997559,1457.81848145,ow
266.947387695,2352.61206055,ey
485.405303955,1076.52075195,ao
683.036865234,1639.94482422,ow
410.61428833,1793.72045898,iy
655.560791016,1476.67419434,ow
438.067901611,1533.36474609,ah
478.573944092,1169.86022949,ow
429.587860107,1767.95166016,iy
420.71005249,2342.49584961,ey
624.205932617,1336.28613281,ow
420.458221436,861.114868164,ao
1012.32147217,1665.78198242,uw
431.251556396,2466.87280273,iy
395.10369873,2053.10205078,uw
875.257385254,1450.23144531,ah
649.434387207,1295.88964844,ow
613.142883301,1144.39050293,ow
643.589050293,1468.73364258,ow
434.095581055,1068.15356445,ow
369.876708984,2592.5480957,iy
434.446990967,1208.09228516,uw
248.528961182,2659.16870117,iy
621.89276123,1777.04626465,ow
606.88092041,1417.43310547,ow
397.026885986,2576.38232422,iy
460.170532227,1505.74938965,ah
404.224456787,1426.32177734,ow
613.581298828,2291.11791992,ey
439.146087646,1675.8293457,iy
257.916717529,2164.47314453,ax
280.432281494,2628.54150391,iy
419.906188965,1239.91064453,ow
377.537231445,2399.16088867,iy
409.061798096,1003.92382812,ow
283.335876465,1666.7454834,ow
691.277832031,1361.07592773,uw
440.928100586,785.598510742,ao
449.555877686,1451.38635254,iy
414.580505371,1230.44506836,ow
352.565979004,1754.64831543,ax
333.199737549,1862.06555176,ah
332.57321167,1833.92456055,ax
511.628417969,1599.4342041,ah
603.128967285,1398.02758789,ow
408.6875,2267.21557617,iy
386.956573486,2429.88574219,ey
456.7550354,961.731567383,ao
455.103881836,1475.25134277,ow
357.246887207,1727.95544434,ax
582.100952148,1450.93664551,ow
403.761474609,1903.1027832,ah
632.999694824,1956.8638916,eh
425.250549316,1575.18469238,ow
622.688842773,1351.80981445,ow
357.789703369,2695.62866211,iy
359.633758545,2328.61010742,ah
446.343048096,2158.80932617,iy
415.758789062,852.515869141,ao
447.828521729,2455.33203125,iy
410.253723145,2411.88354492,ey
376.101531982,1853.48400879,uw
363.37677002,2490.01464844,iy
650.66394043,1915.47338867,eh
545.502258301,1249.18310547,ao
431.5284729,2310.37768555,ih
401.408691406,2313.953125,ih
430.688293457,1587.60961914,iy
437.519989014,1351.45959473,ah
443.630615234,2361.35913086,iy
392.299713135,1177.80102539,ow
347.858459473,2541.00732422,ey
465.42086792,1842.14880371,iy
409.635253906,2203.03637695,uw
433.717895508,2068.70605469,uw
237.194366455,1236.13110352,ow
437.109069824,872.922668457,ao
489.128936768,2464.38891602,ey
443.008453369,812.036315918,ao
629.517333984,1518.86328125,ow
428.83303833,2476.46948242,ey
390.556213379,2521.98291016,ey
293.038360596,1963.23071289,uw
345.905975342,2625.90185547,iy
375.146881104,2132.44116211,ow
387.155303955,2323.35351562,ih
515.474060059,1032.98803711,ow
429.488037109,2031.1973877,iy
395.26953125,2399.08959961,ey
262.782684326,2032.89929199,ey
248.066955566,1149.39343262,ow
385.494903564,1890.25976562,uw
464.378417969,1726.54858398,ah
481.055053711,951.868652344,ao
418.28427124,1946.51245117,ax
616.511230469,2168.58105469,ey
579.461364746,1301.60717773,ow
373.303619385,2033.74658203,uw
425.294464111,1626.24316406,iy
615.203491211,1873.71142578,eh
613.915222168,1479.70629883,ow
201.884872437,1047.61901855,uw
613.46496582,1822.43884277,ey
371.480285645,2453.44799805,iy
407.852539062,2481.87792969,ey
321.272125244,2230.79296875,ey
626.716918945,1434.16625977,ow
618.629272461,1530.8503418,ey
276.083587646,1099.12536621,uw
228.777023315,2189.73706055,uw
501.930145264,1193.72949219,ow
471.165710449,1276.23168945,ow
360.484039307,1100.07861328,ow
652.400695801,1372.49951172,ow
571.914794922,1076.29162598,ow
429.517700195,2205.5390625,ih
417.975646973,2163.43994141,iy
383.175140381,1029.78991699,ow
382.262756348,2106.61206055,uw
429.051544189,2202.83154297,ih
331.201904297,2359.80493164,ax
510.191040039,1133.50415039,ao
365.064941406,811.661621094,ow
434.407165527,2084.43530273,iy
294.764129639,2338.85351562,ax
489.311309814,2271.74682617,ih
441.161254883,1433.38171387,uw
219.890396118,1527.46166992,uw
400.128356934,2075.92407227,uw
377.765411377,2432.03393555,ih
459.437713623,1145.60534668,ow
439.88494873,2457.65893555,ey
380.18548584,1400.91027832,ow
437.019989014,2306.39648438,iy
447.492218018,2059.69042969,uw
416.013793945,1761.6541748,ah
392.380554199,763.795654297,ao
655.165710449,1325.80505371,ow
402.313903809,1799.34643555,iy
534.233276367,1161.94055176,ow
482.562042236,2248.8059082,iy
772.248657227,1615.8059082,ow
539.657470703,2286.71337891,ey
595.585266113,1331.41918945,ow
529.550842285,1371.11669922,ow
241.1224823,1093.85449219,ow
334.869689941,1226.09155273,ow
291.77243042,1141.91564941,iy
393.366943359,2498.1184082,ey
460.731140137,920.59979248,ao
445.399780273,914.420410156,ao
357.076080322,1859.39733887,ah
535.445983887,1260.3470459,ao
352.40447998,1658.02856445,eh
320.159057617,959.25177002,ow
416.048126221,2316.71362305,iy
443.343719482,972.34173584,ao
428.783721924,863.97479248,ao
416.032287598,844.506652832,ao
543.24029541,1804.42626953,ah
416.406158447,2219.76879883,iy
452.140869141,2303.96972656,ih
233.711837769,1076.50048828,ow
419.751190186,2194.09912109,iy
272.552032471,1895.51831055,ax
504.806884766,1155.75317383,ow
472.059265137,1284.01489258,ow
448.697357178,2165.27148438,ey
468.717834473,1055.32714844,ow
350.804748535,1131.42834473,uw
350.250732422,1583.66027832,uw
436.225402832,2513.26220703,ey
361.436920166,2460.21313477,iy
635.106445312,1924.97766113,eh
431.898651123,1810.74829102,iy
379.390441895,1781.4564209,uw
421.748077393,2325.06835938,ih
694.194396973,1320.93005371,ow
461.555297852,1244.98876953,ao
426.186157227,1298.71142578,uw
577.331115723,2341.61523438,ey
325.386352539,1621.7064209,ax
450.761444092,2067.06518555,ih
446.110534668,2272.72631836,ih
424.611694336,2347.69873047,ih
676.079406738,1693.11132812,ow
627.392456055,1825.06152344,eh
459.480682373,1287.45568848,ow
527.260986328,1656.23144531,iy
377.501190186,1570.90759277,ow
618.195983887,1296.45202637,ow
368.51776123,2476.70605469,ey
382.712554932,1973.79980469,uw
218.627166748,1702.59033203,ow
407.445159912,2011.57556152,iy
417.435302734,2529.10327148,ey
250.968017578,1990.49890137,iy
634.685302734,1283.92150879,ow
267.193756104,2363.36962891,ey
400.513916016,1064.07006836,ow
606.808654785,1372.04846191,ow
386.250488281,1544.74328613,ow
392.079437256,1243.05212402,ow
500.865997314,1475.09069824,ah
498.881469727,2148.25756836,ih
559.632141113,2274.4699707,ey
558.591003418,2488.55004883,ey
683.713867188,1413.23168945,ah
386.841308594,2436.34887695,ey
552.52520752,1077.91394043,ao
398.067565918,789.387023926,ao
435.532104492,1781.02062988,ax
308.202545166,1876.10595703,ih
671.720397949,1353.62902832,uw
401.676269531,2085.50024414,uw
475.737731934,1977.79492188,iy
472.438018799,1949.81811523,eh
471.414367676,1687.59436035,iy
469.628540039,840.802490234,ao
408.864593506,2086.11352539,ih
703.900390625,1617.50219727,ow
491.986206055,1941.89501953,eh
490.020812988,1091.62487793,ao
456.165161133,1725.08251953,eh
434.531829834,2411.28686523,iy
497.946899414,2268.08764648,ey
253.364227295,1997.52636719,uw
434.550506592,864.144714355,ao
385.87020874,1868.38269043,ah
668.110473633,1486.94726562,ow
649.880737305,1488.56994629,ow
345.087097168,1865.71154785,uw
632.00994873,1325.34643555,ow
409.570129395,2048.61206055,iy
383.369415283,2590.42480469,iy
395.683135986,2462.92700195,ih
513.346374512,1272.80334473,ow
188.340423584,1414.49279785,uw
606.434326172,2318.43579102,iy
402.520568848,1194.98803711,ow
643.311462402,1376.55822754,ah
513.77722168,1499.66796875,ow
727.370056152,1574.88549805,ow
681.403442383,1394.44665527,ow
452.039733887,1136.16308594,ow
439.057830811,2130.35864258,iy
323.024658203,1990.24169922,uw
525.751342773,1250.74133301,ow
434.117248535,1050.52172852,ow
477.881652832,1076.51000977,ow
402.203521729,1611.37915039,ah
349.334075928,1610.64172363,ey
255.005874634,1915.01916504,uw
646.699829102,1871.03125,eh
316.023254395,2302.62084961,ih
387.765014648,2513.10083008,ey
402.635803223,2178.14428711,uw
505.838104248,1159.88696289,ow
409.780395508,1896.86120605,iy
365.820800781,2642.93920898,iy
594.566162109,1394.24780273,ow
412.498321533,2263.66723633,iy
426.925048828,1993.20727539,uw
544.98248291,2403.42871094,ey
611.41583252,1626.0411377,ow
414.213592529,2688.47094727,ih
622.713317871,1462.88830566,ow
445.617279053,1980.61364746,iy
595.851074219,1838.40234375,eh
252.704864502,1506.78588867,uw
604.063476562,1902.80285645,eh
416.82043457,1572.27722168,iy
623.620422363,1450.41113281,ow
640.176879883,1359.3927002,ow
441.05065918,1861.53649902,ah
466.297088623,1050.93811035,ao
626.402893066,1269.55786133,ow
411.412994385,2281.37426758,ih
551.429870605,1383.91638184,ow
407.473876953,854.469421387,ao
281.491119385,2084.93774414,uw
647.391540527,1325.88293457,ow
639.949951172,2216.05810547,ey
401.944976807,2340.17431641,ih
420.226226807,2369.05322266,iy
461.689666748,1851.06982422,iy
604.676574707,1298.35522461,ow
431.477172852,2272.4375,iy
513.969177246,1465.4041748,ah
246.929824829,1276.2668457,ow
398.186950684,2020.88452148,uw
397.129821777,2388.7902832,ih
635.919921875,1352.26452637,ow
442.540924072,1193.52282715,ow
685.270202637,1501.11157227,ow
629.75604248,1943.02819824,eh
217.47644043,1957.64575195,ow
518.90447998,1483.2277832,ow
362.959838867,1682.47668457,eh
379.707519531,2584.83129883,iy
596.702941895,1867.08435059,eh
421.944549561,2343.71313477,iy
431.531036377,2423.52270508,iy
314.784179688,1703.45837402,uw
477.93661499,919.436645508,ao
266.738555908,1745.29040527,ih
459.849761963,1101.76269531,ow
446.690490723,1885.89794922,uw
456.984985352,2150.86132812,ih
415.703796387,1944.97875977,iy
409.216308594,1762.56298828,ax
326.562866211,2316.21386719,ey
399.188171387,2001.79052734,uw
644.498779297,1380.48022461,uw
641.204467773,1931.55688477,eh
407.347290039,2377.46069336,iy
344.351989746,2405.2043457,ey
482.715026855,2251.91577148,ih
397.26449585,1959.73059082,ey
434.97769165,2263.91821289,iy
409.371551514,1984.2767334,iy
616.834777832,1880.08898926,ey
436.965789795,1629.92089844,ow
593.14074707,1330.89758301,ow
419.149078369,2054.8515625,ih
682.36920166,1600.13330078,ow
417.734100342,2089.57006836,ey
419.611480713,1816.43566895,ax
485.33215332,2026.8157959,ih
426.981781006,1782.06762695,ax
535.286865234,1272.01550293,ow
376.507415771,2599.04589844,iy
475.794616699,2513.27172852,ey
437.719451904,2242.01196289,ih
394.913665771,2554.26098633,ey
631.11920166,1966.98339844,eh
374.871582031,2244.13085938,ih
640.374694824,1840.64526367,eh
428.519622803,1767.40588379,iy
434.527587891,2190.93212891,ih
742.681091309,1608.48339844,ow
417.178771973,2024.13464355,uw
415.069458008,2504.44067383,ey
426.740570068,2590.31762695,ey
378.550048828,2456.50024414,ey
466.377960205,1808.26733398,ax
419.702545166,2486.92138672,ey
446.159423828,1440.38977051,ow
453.428161621,2387.6081543,ih
619.564086914,1472.08276367,ow
415.183380127,2546.16430664,ey
227.208282471,1693.52050781,ow
240.672332764,1230.62512207,uw
426.039428711,2270.89916992,iy
529.012023926,1255.69213867,ow
398.848297119,2406.5480957,iy
405.787078857,2254.65014648,ih
517.469604492,2250.49658203,iy
462.350921631,1778.27539062,iy
393.066345215,1501.97302246,ax
454.908782959,2440.78491211,iy
391.26272583,1968.79797363,uw
573.649108887,2488.36962891,ey
281.867950439,1573.81396484,eh
534.727355957,1967.61572266,eh
428.209289551,1837.46276855,ax
428.275939941,1230.31958008,ow
423.199279785,2429.70141602,ih
462.780059814,2376.66796875,iy
411.635406494,2389.97924805,ih
446.936676025,2451.71484375,ey
504.735534668,1012.91143799,ao
443.947753906,2398.96459961,ey
596.668395996,1228.92492676,ao
387.147796631,1747.07897949,uw
538.609130859,1226.11865234,ow
386.200286865,2291.99853516,iy
560.43371582,1176.2442627,ow
453.355834961,2060.07226562,ey
429.673706055,2473.30444336,ey
636.034851074,1903.53271484,eh
474.978546143,1513.96520996,ow
395.484832764,2279.1184082,ih
377.961608887,2286.30224609,ih
520.248596191,1281.76000977,ow
475.595916748,1240.27734375,ow
476.045654297,1779.03869629,iy
394.097198486,1965.32177734,uw
425.177185059,2108.05200195,iy
233.97593689,1145.01379395,uw
285.194641113,1091.15332031,ow
534.746032715,2295.18676758,ey
407.475585938,2458.671875,iy
670.736450195,1548.40466309,ow
628.893615723,1453.84020996,ow
370.856018066,2362.77734375,ax
241.744888306,1181.75866699,uw
218.755447388,1314.95483398,ow
401.976715088,2047.6126709,uw
434.30758667,1066.82177734,ow
450.45501709,2095.50073242,uw
207.027359009,1717.33007812,ow
662.733215332,1376.00756836,ow
442.057983398,2303.99951172,ih
470.07208252,1900.99804688,iy
414.012084961,1477.50866699,ow
303.497131348,1514.92980957,eh
267.834960938,1548.21008301,ow
446.556304932,921.628540039,ao
605.82019043,2246.90014648,ey
558.302307129,2355.96972656,ey
275.244384766,1531.88891602,eh
229.746017456,913.867736816,ow
401.842498779,1637.37915039,uw
429.212402344,2569.47583008,ey
314.066101074,1622.25183105,ow
386.967895508,2019.2689209,ih
406.813446045,2389.43457031,iy
674.620422363,1716.77075195,ow
542.891479492,1652.06079102,ah
372.684020996,1469.57250977,ow
438.062561035,2109.73901367,uw
515.295349121,1080.52636719,ao
473.316162109,1395.87854004,ao
462.141235352,2191.87158203,ih
399.017852783,1598.23620605,uw
437.964141846,2487.82397461,ey
354.353973389,2367.61474609,ey
637.559631348,1353.05639648,ow
471.65826416,1963.36730957,iy
604.444702148,2215.99072266,ey
413.002471924,2565.97998047,iy
347.04977417,977.847106934,ow
641.483947754,2012.80737305,eh
607.697814941,1271.79492188,ao
420.683258057,2054.95214844,iy
618.765075684,1907.68798828,eh
423.955169678,1705.00537109,iy
326.115020752,2017.7401123,uw
476.981506348,1163.38635254,ao
487.546905518,1247.87231445,ow
627.69720459,1992.12976074,eh
410.215667725,2424.62573242,ih
249.854446411,857.910217285,ow
556.692993164,2356.05834961,ey
619.327331543,1435.89758301,ow
477.91708374,1224.21069336,ow
424.334625244,2490.39428711,iy
583.48034668,1187.35742188,ow
675.974487305,1879.41540527,eh
634.938720703,1271.06298828,ow
395.535400391,2183.57348633,iy
306.725708008,1785.20349121,ih
414.810424805,2228.59106445,uw
387.125061035,2546.48095703,iy
627.358886719,1325.14892578,ow
443.546386719,2323.45214844,ih
606.169128418,1276.85852051,ow
412.641784668,1567.2598877,ow
473.479492188,1643.1661377,ah
373.323883057,1739.06738281,ih
670.42388916,1903.34228516,eh
355.974609375,2696.67700195,iy
460.499816895,1100.58532715,ow
618.463562012,1994.984375,eh
451.825134277,914.02947998,ao
352.250366211,1449.10290527,ow
308.742614746,2204.98974609,ax
506.301605225,2063.60913086,ih
352.730010986,2190.12768555,ah
452.959503174,2320.609375,ih
342.190582275,1181.21435547,ow
604.765869141,1404.76831055,ow
415.386993408,2070.4621582,uw
612.455627441,2408.33935547,ey
347.938232422,1824.50769043,uw
233.211639404,1700.75561523,iy
440.971496582,2411.17260742,iy
429.151489258,845.157348633,ao
449.866668701,1163.43823242,uw
465.52444458,2161.14770508,iy
429.761444092,2116.82788086,iy
463.683074951,1498.01489258,ow
453.581115723,906.51159668,ao
459.67175293,2413.58227539,iy
298.439758301,2388.71557617,iy
444.510131836,2564.85742188,ey
646.327941895,1304.4050293,ow
564.6640625,1385.91516113,ow
407.285858154,2370.04174805,ih
654.388427734,1406.87438965,ow
424.021575928,893.560119629,ao
435.830078125,1679.54333496,ah
466.855102539,1924.76318359,iy
466.730377197,1345.44885254,ow
381.679351807,2372.59350586,ey
527.082763672,1737.71350098,eh
511.44934082,1656.3137207,eh
511.310028076,1418.21240234,ow
537.734802246,1202.96166992,ow
570.700439453,2364.76245117,ey
556.79083252,1130.76757812,ao
429.396850586,2516.14331055,ey
387.83114624,2407.80249023,iy
462.301055908,1850.63549805,ah
423.685211182,787.4453125,ao
646.613708496,1251.06726074,ah
414.095947266,1934.8692627,uw
399.085540771,1811.95263672,ah
414.796295166,1962.04211426,uw
381.991882324,1407.71484375,uw
433.720062256,1485.75817871,iy
484.220062256,829.170654297,ao
435.03427124,2350.50488281,iy
427.304321289,1592.74401855,iy
587.371948242,2252.00683594,ey
414.262054443,830.787841797,ao
303.087554932,2147.12426758,uw
433.112762451,1825.98706055,ah
562.060913086,1846.70959473,ey
601.059326172,1256.14709473,ow
288.368225098,1606.78747559,ow
664.619934082,1976.24560547,eh
444.82913208,1921.88439941,iy
439.125030518,883.575744629,ao
452.299499512,1077.10302734,ow
450.975952148,2181.37451172,ih
398.198852539,787.843200684,ao
437.336151123,2466.80932617,iy
256.113433838,1079.09643555,ow
585.641723633,1468.33435059,ow
470.272247314,2146.61547852,ih
562.267883301,2249.29101562,ey
611.677185059,1351.12268066,ow
367.359191895,2373.3515625,ey
402.391723633,1984.53918457,uw
467.804504395,1399.35644531,ow
390.646362305,2571.9831543,ey
704.343139648,1371.56750488,ow
375.682952881,1400.81359863,ey
762.906066895,1499.12426758,ah
203.114181519,1406.5994873,uw
563.818725586,1268.76647949,ow
532.762695312,1274.99304199,ow
438.859954834,875.568786621,ao
562.476074219,2238.22631836,ey
556.520019531,1157.21228027,ow
540.522277832,1151.17883301,ow
609.99395752,1413.97412109,ow
500.0,1500.0,ow
372.426696777,2488.85668945,ey
522.021789551,1169.92138672,ao
469.071380615,1748.04858398,iy
596.263427734,1200.72485352,ow
453.122009277,1783.80114746,iy
335.974212646,2112.04907227,ey
655.759521484,1950.75390625,eh
229.569381714,1375.73681641,uw
348.083068848,2261.22167969,ax
376.114257812,2573.36401367,ey
369.826599121,1348.12207031,uw
425.734161377,2582.08398438,ey
739.441894531,1555.76330566,ow
382.383758545,2448.29614258,ey
607.655883789,1234.70739746,ow
423.639678955,2304.91650391,ih
426.346099854,1338.26428223,ow
543.015930176,2388.42822266,ey
400.431182861,794.695617676,ao
645.108032227,1365.84558105,ow
460.903137207,1274.17675781,ow
355.333953857,1878.17248535,uw
214.067276001,1087.24658203,ow
437.586334229,1818.17712402,iy
496.934906006,1046.25317383,ao
616.567932129,1949.06811523,eh
541.229797363,1253.4029541,ow
395.304870605,1788.23791504,ah
419.473968506,1952.72790527,ax
450.736968994,812.093505859,ao
718.524353027,1900.94763184,eh
631.856140137,2276.62548828,ey
413.530853271,2174.12866211,uw
413.561737061,2404.54833984,ih
640.212097168,1765.57836914,ow
468.454956055,2259.90869141,ih
609.34552002,1508.78320312,ow
576.476501465,1247.82580566,ow
395.376403809,2263.47607422,ih
438.368499756,2241.93457031,ih
406.149017334,784.554931641,ao
578.027832031,1375.5390625,ow
284.827148438,2345.64135742,ih
399.660552979,771.20489502,ao
675.100646973,1356.45629883,ow
397.182098389,2630.71459961,iy
360.759979248,2208.57885742,uw
436.165008545,1533.67236328,uw
333.019836426,1526.88000488,uw
507.969085693,2262.67797852,ey
413.11605835,2434.91015625,ey
389.651000977,2306.45678711,ax
582.183227539,1186.24255371,ow
443.681549072,2136.91967773,uw
476.934295654,1204.81604004,ow
630.598876953,1289.9465332,ow
378.022796631,1878.59375,uw
460.011627197,2371.70922852,ey
574.664794922,1320.22460938,ow
433.606018066,1094.74060059,ow
406.937042236,2403.02392578,ey
398.352722168,1381.89221191,ow
659.644897461,1945.68322754,eh
425.154327393,1878.16711426,iy
368.551147461,2565.0390625,iy
241.528213501,1920.41040039,uw
222.334320068,1479.31811523,ow
251.137145996,2488.63427734,ey
812.200622559,1476.38183594,ah
454.630065918,2252.39355469,ey
692.187744141,1694.43933105,ey
612.167907715,1344.08093262,ow
701.697937012,1462.96899414,ow
752.948730469,1713.59460449,ow
267.052215576,1184.78942871,uw
431.084289551,2414.73730469,iy
384.717285156,2011.96557617,uw
447.080413818,2096.4375,ih
913.99230957,1731.02624512,ah
491.815979004,1126.30688477,ao
521.519592285,999.252746582,ao
652.69128418,1914.14758301,eh
603.757263184,2143.79052734,ey
274.145812988,2081.95336914,ey
438.772766113,2071.57714844,uw
433.132568359,1688.62158203,ah
473.079223633,1205.63000488,ow
308.295349121,1668.1574707,ow
504.617340088,1192.27856445,ow
395.425262451,2274.59716797,iy
644.332641602,1296.62890625,ow
469.367248535,1705.76757812,iy
416.707458496,2045.26855469,iy
540.763183594,1343.57019043,ow
454.280761719,1747.98986816,iy
378.707214355,2501.17431641,ey
376.034423828,2386.08374023,ih
660.688537598,1335.77172852,ow
381.603607178,2488.54711914,ey
209.370773315,2810.48779297,iy
338.907623291,1574.66601562,eh
427.988739014,1787.06408691,ah
421.417327881,2482.67871094,iy
541.605895996,1128.81921387,ow
338.452758789,2293.56689453,ah
433.856719971,2336.83081055,ih
218.783554077,1118.37744141,ow
389.96182251,1890.96398926,uw
276.678222656,2033.03881836,uw
411.92590332,2238.92382812,iy
777.351257324,1469.27404785,ah
544.863647461,2275.54077148,ey
650.043579102,1295.43859863,ow
475.168151855,1252.86352539,ow
475.066772461,1794.44885254,eh
394.378234863,1014.21691895,ow
434.88494873,2076.08325195,ih
497.254821777,876.092041016,ao
553.164794922,1260.7232666,ow
527.786071777,1180.00366211,ao
363.392913818,1864.11682129,ah
456.846618652,1138.15637207,ow
275.000335693,1057.66101074,ow
354.907470703,2358.10424805,ey
400.348510742,2212.35449219,ih
405.078033447,809.864562988,ao
332.5050354,2264.47973633,ax
360.275604248,2293.16064453,ey
580.25201416,1221.78918457,ow
369.731964111,1975.33703613,ax
407.885986328,1075.89416504,ow
549.585632324,1233.07739258,ao
297.813018799,2591.33203125,iy
381.109863281,772.107177734,ao
409.923950195,2016.15905762,iy
630.451049805,1250.4822998,ow
584.896179199,2363.84228516,ey
624.118041992,1928.06103516,eh
638.938110352,2257.49755859,ey
368.795776367,2031.49804688,uw
408.662597656,2334.61767578,ey
484.90423584,1345.5949707,ow
465.166137695,1802.41833496,iy
437.089141846,976.053710938,ao
532.131774902,1273.83117676,ow
465.910888672,1304.21728516,ao
608.988891602,1612.20947266,ow
654.575500488,1922.35437012,eh
344.075286865,1592.84753418,ax
634.672180176,1934.5579834,eh
412.254425049,2514.3996582,iy
388.708404541,1876.70397949,ah
368.291107178,2213.27661133,uw
360.98651123,2230.8215332,ey
370.58996582,2343.2578125,ax
437.021453857,2245.18798828,iy
474.620361328,1962.05480957,ih
408.583496094,1641.72253418,ih
415.160888672,2164.06982422,uw
403.310028076,1592.32250977,uw
473.692626953,1390.67321777,ao
417.139587402,1781.1217041,ax
294.268249512,1598.72595215,eh
365.763549805,1929.65478516,ax
354.833526611,2569.98461914,ey
423.355865479,1029.11206055,ow
456.80078125,1344.29260254,ow
415.346099854,2276.38818359,ey
470.045684814,1165.57775879,ow
325.028656006,1708.50109863,uw
604.249145508,1530.37695312,ow
414.173828125,2339.86523438,iy
667.95501709,1454.23828125,ow
607.834289551,1798.90478516,ey
212.285751343,897.639343262,ow
212.757675171,1362.70275879,uw
370.004455566,2342.78515625,ax
437.278289795,1751.64990234,ax
583.921325684,1246.55371094,ow
350.909210205,1852.80712891,uw
194.171875,1100.64648438,ow
294.956970215,1635.58312988,ow
471.343414307,2443.00170898,iy
484.847625732,2433.14013672,iy
424.689819336,1484.92907715,ow
406.612548828,2589.85986328,iy
444.620178223,2189.22314453,ey
544.032531738,2351.76342773,ey
615.785888672,1853.42553711,eh
440.081878662,2230.32299805,ih
438.261566162,1709.01721191,ah
749.938659668,1751.66381836,ah
326.956573486,2258.74536133,ey
406.996643066,2163.53979492,uw
406.701629639,2110.23535156,uw
473.029022217,1354.27819824,ao
627.716064453,1499.11560059,ow
378.357849121,2277.64135742,ey
618.559204102,1654.97497559,ow
222.32635498,2172.79101562,iy
653.977844238,1911.34729004,eh
426.046234131,2580.203125,ey
679.971252441,1963.64868164,eh
406.797698975,2321.44897461,iy
543.099487305,1135.01733398,ow
332.91293335,2121.1262207,ih
548.455444336,1332.01293945,ow
419.901519775,2507.74853516,iy
674.358398438,1380.68078613,ah
610.563964844,1419.32507324,ow
347.967346191,1528.31677246,ow
249.198532104,2543.4387207,iy
584.970458984,1280.7734375,ow
234.522094727,1449.22424316,ey
455.184753418,1189.09887695,uw
396.027954102,1719.72814941,eh
515.336181641,1250.19836426,ow
393.687896729,2415.6887207,ih
441.229736328,2485.48583984,ey
619.952453613,2045.19091797,eh
678.614318848,1488.49572754,ow
708.52911377,1420.50048828,ow
481.288696289,1722.82751465,iy
352.914306641,2536.7097168,iy
937.130737305,1564.55224609,ah
462.710968018,1702.40612793,ah
510.851928711,2446.35424805,ey
621.768920898,1932.63720703,eh
480.311798096,2342.41723633,ey
540.199035645,2358.29272461,ey
549.463378906,1917.38586426,eh
666.674621582,1794.58776855,ah
444.219665527,2089.42871094,iy
413.320922852,2281.92700195,ey
435.570648193,2300.11230469,iy
693.027770996,1539.16052246,ow
408.465087891,1215.64099121,ow
394.164306641,2202.12255859,ey
471.730438232,980.785461426,ao
661.520385742,1961.51953125,eh
243.618240356,2221.75463867,ey
416.059570312,1192.61535645,ow
317.217285156,2201.0,ax
225.387481689,969.574768066,ow
433.952148438,1105.1998291,ow
452.373046875,882.477600098,ao
572.572265625,1207.0526123,ao
418.690795898,818.059020996,ao
259.235870361,2086.15478516,ih
410.49987793,1023.91003418,ow
623.869384766,1403.97900391,ow
438.821411133,2176.99121094,iy
329.58581543,1514.84472656,ow
216.619308472,2568.91943359,iy
452.105316162,1781.79760742,iy
327.143829346,1582.54589844,eh
368.222900391,2414.53442383,iy
266.778137207,1521.78015137,uw
446.039245605,2328.84057617,iy
509.25982666,1135.35461426,ow
514.028686523,1458.09802246,ow
748.076599121,1427.10375977,ah
400.096313477,1787.96960449,ax
411.180541992,1650.6796875,iy
637.876098633,1436.38500977,ow
443.130279541,1733.43005371,eh
635.368469238,1782.65234375,eh
464.905609131,1209.59240723,ow
329.282165527,1691.68920898,eh
602.837646484,1311.18151855,ow
249.30090332,1110.38598633,ow
646.496765137,1887.90063477,eh
574.39630127,2401.80395508,ey
359.995269775,2452.85107422,ih
401.161346436,2537.32568359,iy
403.138671875,2419.49291992,iy
631.747619629,1520.88793945,ow
340.629974365,2614.94384766,iy
454.027496338,954.43170166,ao
488.001953125,2121.73632812,ih
417.884460449,2108.04467773,uw
408.548431396,1068.55688477,ow
494.636474609,2189.24560547,ey
436.241424561,2363.21362305,ey
404.413604736,2400.68774414,ih
527.281494141,981.88885498,ao
262.677062988,2113.52709961,ey
603.672546387,1533.12451172,ow
519.689025879,1256.17321777,ow
458.113800049,1905.07617188,ax
332.593780518,2079.36572266,ih
628.293762207,1350.95483398,ow
441.157867432,2121.39404297,iy
468.955230713,2197.87402344,ey
389.293609619,2462.13012695,ey
287.689208984,1109.59985352,ow
379.7550354,1640.23864746,uw
435.085845947,2091.30297852,uw
295.120666504,2549.99121094,iy
565.57244873,2363.72436523,ey
436.952209473,2458.18505859,ey
432.725921631,2551.85791016,ey
456.496887207,1419.27294922,ow
423.388946533,1261.97851562,uw
722.15612793,1638.05493164,ow
390.047637939,2328.86206055,iy
314.496917725,2364.79150391,ax
639.466247559,2288.48852539,iy
783.862182617,1614.1652832,ow
438.407196045,2336.5324707,ih
417.547393799,2289.48657227,ih
299.886474609,1168.06359863,ow
400.02053833,1528.54589844,ow
393.230316162,2322.32666016,iy
414.652557373,2284.54956055,ey
636.743469238,1302.75500488,ow
539.878723145,1188.7701416,ao
495.856750488,1300.92932129,ow
568.60144043,1351.97851562,ow
557.380371094,1328.69152832,ao
389.726196289,2492.35571289,ih
411.217559814,2184.28222656,uw
477.349578857,2273.77197266,iy
317.177032471,1916.11657715,ah
391.767486572,789.874084473,ao
391.3956604,746.698303223,ao
345.513946533,2165.58862305,ih
388.765106201,1943.22460938,uw
192.567901611,1013.57861328,uw
431.133239746,2321.07519531,ih
408.49230957,1456.70788574,ow
387.035675049,1191.49353027,ow
435.732543945,2564.91870117,ey
317.121429443,2192.01879883,iy
402.198974609,2610.7277832,iy
639.768676758,1595.79724121,ow
638.025817871,1915.04211426,eh
650.639526367,1306.89770508,ow
434.361968994,2166.34619141,uw
450.532409668,845.409118652,ao
638.536193848,1948.06103516,eh
392.244567871,2230.95776367,ih
208.242202759,1343.94897461,ow
479.43737793,909.72668457,ao
623.122253418,1409.1730957,ow
424.568786621,1917.3684082,iy
360.132019043,1936.25390625,uw
434.401092529,1051.15820312,ow
606.066162109,1220.64648438,ow
480.088897705,2362.72338867,ey
643.777893066,1496.60095215,ow
513.09765625,1632.1027832,iy
408.407989502,1874.96374512,uw
441.131591797,2171.33374023,ih
420.548126221,1110.3203125,ow
343.445617676,1863.63537598,ih
401.934814453,2200.71948242,iy
679.07623291,1365.19970703,ow
571.328674316,1835.70690918,eh
648.934936523,1997.90393066,ey
407.388793945,2157.25561523,ih
508.505981445,1168.48522949,ao
335.132659912,1596.71276855,eh
427.406707764,1684.73327637,ah
704.438903809,1921.06286621,eh
475.349243164,1922.42041016,iy
436.616424561,2502.44726562,ey
421.437072754,2059.9519043,iy
323.524261475,1005.69281006,ow
472.019622803,1206.53137207,ow
202.841293335,1228.14782715,ow
548.432312012,2402.85205078,ey
597.895629883,1381.35058594,ow
414.143035889,2374.27587891,ih
249.870178223,2115.74804688,ih
431.10949707,2022.73693848,uw
420.389068604,2345.69213867,ey
368.94128418,2441.73876953,ey
444.74822998,824.535583496,ao
603.702026367,1607.4152832,ow
332.561889648,1648.67712402,eh
466.421234131,1415.82189941,ao
641.233520508,2031.03735352,eh
423.641937256,2119.26269531,ih
472.581420898,1199.1920166,ow
384.90914917,2267.11206055,iy
613.211486816,1881.88122559,eh
260.258087158,1525.23474121,ih
445.177001953,818.565124512,ao
633.909606934,1894.42797852,eh
610.192016602,1306.78381348,ow
610.123168945,1627.39807129,ow
379.755950928,2032.66064453,uw
451.322265625,1978.25256348,iy
563.147155762,1348.93701172,ow
422.905822754,2459.82666016,ey
484.160827637,1008.53955078,ow
570.374206543,1409.03552246,ow
408.454956055,1903.36010742,ax
563.407043457,2380.35424805,ey
520.873535156,1287.39587402,ow
467.102111816,910.460632324,ao
424.796844482,2473.32373047,iy
360.695465088,1414.77758789,ah
445.465667725,1773.2175293,ah
424.970092773,2483.27514648,ey
447.77520752,2291.59960938,ih
453.553070068,1241.58837891,ow
602.846740723,1224.8659668,ow
1027.12915039,2446.12133789,uw
247.497665405,2685.50219727,iy
420.920013428,2414.01342773,ey
547.12097168,1341.06982422,ow
427.835632324,749.513122559,ao
326.803344727,1586.05566406,eh
358.855438232,1514.82263184,ow
295.834106445,1572.11657715,eh
382.638549805,1699.43041992,eh
442.053009033,896.412475586,ao
423.109710693,1797.29125977,ah
448.488677979,884.210632324,ao
542.078308105,1277.62316895,ow
509.180023193,936.448547363,ao
545.059020996,2283.54248047,ey
223.509750366,2371.56884766,ih
437.837890625,2182.91967773,uw
523.068969727,2387.55810547,ey
518.981384277,1202.7512207,ow
459.316497803,1294.10290527,ow
304.352539062,1141.94689941,ow
435.597015381,2124.60742188,ih
554.776916504,1251.92553711,ow
407.026794434,1632.8269043,ah
433.098388672,2438.38916016,ey
422.856933594,2403.15771484,iy
242.342849731,812.735351562,ow
306.482727051,1792.96850586,ih
426.21383667,861.976013184,ao
438.769500732,2111.72143555,ih
648.607421875,1775.88220215,ah
210.36151123,2225.78051758,iy
526.091003418,1230.77050781,ow
295.594360352,2590.11523438,iy
513.206298828,1104.54870605,ow
630.763061523,1254.71984863,ow
422.964172363,2371.87084961,ey
573.898864746,1772.05383301,eh
580.010192871,1217.22216797,ow
308.424560547,1519.75561523,eh
361.144989014,2620.03051758,iy
588.004150391,1443.77856445,ow
399.619476318,1038.87109375,ow
322.258758545,2696.734375,iy
581.568237305,2308.89672852,ey
504.02243042,1583.85461426,ow
533.959106445,1306.03637695,ao
581.036010742,1897.86560059,eh
292.168060303,1131.98425293,ow
436.022796631,1327.4362793,ow
384.834381104,2146.15917969,iy
421.817779541,2552.64819336,ey
420.923065186,2314.17529297,ih
452.069793701,2494.49023438,iy
498.84375,2447.51513672,ey
432.393676758,2001.88952637,iy
421.081970215,1529.55126953,iy
573.997619629,1445.90563965,ow
596.810546875,1581.1796875,ow
627.405395508,1606.11499023,ow
332.221893311,1086.76452637,ow
367.54208374,1288.13000488,ow
417.760284424,2281.22827148,ih
620.814819336,2342.77514648,ey
508.897369385,910.470214844,ao
437.542449951,2443.91430664,ey
634.725402832,1883.62670898,eh
485.446258545,1735.42504883,eh
565.311828613,1210.43127441,ow
399.467010498,786.805847168,ao
360.278778076,1208.62841797,ey
533.793457031,1214.82580566,ow
432.452453613,2023.79919434,uw
552.491333008,1115.05871582,ao
411.467926025,1738.10424805,ax
371.877258301,2034.14709473,ih
567.334289551,1188.08288574,ow
429.74621582,2471.02783203,iy
547.604919434,1115.16467285,ow
490.385498047,1324.66333008,ow
516.47265625,1460.69384766,ow
431.353546143,1047.10717773,ow
677.132385254,1371.16381836,ow
388.698791504,1743.40075684,uw
448.829711914,2060.26806641,iy
416.421905518,1908.96289062,uw
585.934204102,1291.33496094,ow
457.300079346,1183.91235352,ow
558.503112793,1043.90783691,ao
512.76171875,1723.35559082,eh
468.891998291,1566.45690918,ah
655.458496094,1906.60583496,eh
499.095703125,1530.44677734,ah
280.820526123,2143.54785156,ey
431.648986816,1678.62927246,iy
547.047302246,1757.2869873,eh
436.338287354,2578.38500977,ey
419.704406738,1338.75048828,ow
748.918457031,1643.00097656,ah
716.78326416,1889.76831055,eh
237.771240234,2363.87841797,uw
417.835144043,2422.88574219,iy
449.481689453,2298.37670898,ih
662.630493164,1917.5090332,eh
355.983947754,1657.62231445,eh
191.414535522,1070.10375977,uw
402.953338623,1879.73474121,ax
490.1980896,1201.48950195,ow
472.171051025,1970.7265625,iy
389.43762207,2386.83251953,ih
596.790222168,1455.45629883,ow
430.213378906,2594.48535156,ey
265.271514893,2007.19848633,ih
445.613861084,1073.73327637,ah
420.167388916,2316.1315918,ih
446.689605713,801.707763672,ao
412.747528076,2503.17602539,ey
383.34765625,1865.03393555,ah
309.838256836,2042.50671387,ih
309.347717285,2220.42773438,ih
407.158966064,2220.7175293,uw
495.373138428,1312.11535645,ow
533.226196289,1839.17028809,eh
438.139801025,2397.04785156,iy
433.723205566,2604.41943359,ey
261.697784424,1700.32653809,ow
303.72756958,2324.94897461,iy
300.444915771,2167.78662109,ih
225.989395142,1139.63977051,uw
438.013061523,865.498474121,ao
422.116943359,1739.14208984,ax
275.886047363,2160.54614258,ih
546.150512695,1630.4979248,uw
361.993804932,1617.24658203,ow
551.055969238,1428.12011719,ow
423.947052002,2102.73950195,uw
295.565612793,2367.97460938,ih
539.813476562,1131.51367188,ao
621.054626465,2029.48986816,eh
420.959533691,2546.53344727,ey
492.395050049,1070.97839355,ow
412.381103516,880.691223145,ow
335.638671875,1995.07470703,iy
438.173156738,2392.55371094,iy
414.939971924,1775.90930176,uw
496.292114258,1425.57702637,ow
353.932556152,1896.37182617,uw
237.195785522,992.765869141,ow
464.036376953,1584.4465332,ah
588.63885498,2228.08251953,ey
649.215637207,1476.86779785,ow
365.328491211,2194.0402832,ih
548.495422363,1496.54150391,ow
431.207977295,1798.07373047,ah
249.486999512,1108.84008789,ow
662.145202637,1390.72351074,ow
386.118164062,2025.60900879,uw
686.381164551,1870.89697266,eh
601.880310059,1928.62841797,eh
406.74621582,806.798950195,ao
359.278503418,2365.68041992,ey
468.266387939,1425.12438965,ow
426.682312012,1766.8581543,iy
412.38067627,2455.64624023,ey
607.478210449,1276.20166016,ow
461.530578613,1290.77978516,ow
463.656494141,2426.71801758,iy
425.742797852,2231.59130859,ih
402.827850342,2491.08789062,ey
475.626068115,1066.02612305,ow
457.557098389,1773.6583252,ax
308.514373779,2083.4753418,ih
673.135192871,1715.07128906,ah
267.730529785,1961.59570312,ey
402.988525391,809.893920898,ao
582.759521484,1437.64465332,ow
377.833007812,1959.82702637,uw
615.337646484,1262.35754395,ow
465.72869873,1974.10717773,iy
409.352966309,1969.58483887,iy
656.895690918,1836.19311523,iy
443.040588379,1361.39941406,uw
566.420776367,1274.31079102,ow
238.126541138,879.647155762,ow
711.291625977,1783.39538574,ah
418.136199951,2201.98706055,ih
343.249237061,2292.51367188,ey
447.111053467,2293.33374023,iy
474.170410156,1323.9798584,ow
442.987243652,1790.18054199,iy
622.776672363,1354.34020996,ow
558.001037598,2356.32177734,ey
423.84362793,1699.66772461,iy
433.189544678,1009.7980957,ow
535.484130859,2497.64086914,ey
419.245483398,1776.30651855,ah
396.7684021,2607.88232422,ey
248.300750732,1695.53869629,ih
551.021728516,2429.75390625,ey
705.177429199,1395.17114258,ow
454.871398926,2269.13110352,ih
297.030975342,1448.09680176,uw
290.273986816,1575.5402832,ow
547.380493164,2299.59936523,iy
819.37322998,1445.14624023,ah
346.742797852,1646.6796875,eh
535.010070801,1237.24780273,ow
354.344207764,1891.22570801,uw
532.38482666,2336.6262207,ey
338.040679932,2431.34643555,ey
658.652404785,1916.03234863,eh
326.252624512,1489.74609375,ow
540.59564209,2439.9597168,ey
623.768554688,1769.45495605,eh
350.730255127,2541.04833984,ey
293.262878418,2289.23339844,ey
479.881591797,2275.15136719,ih
464.672943115,1936.64562988,iy
368.552093506,1504.40222168,ow
453.151000977,938.174072266,ao
348.200012207,1933.18518066,ah
434.941101074,1056.55639648,ow
391.598968506,1774.19836426,ax
649.671691895,1927.6953125,eh
551.887817383,2434.44970703,ey
600.342895508,1719.46618652,eh
472.167938232,2400.54858398,ih
370.85446167,1834.8807373,ax
432.284973145,1079.79077148,ow
346.116638184,1966.95397949,uw
587.759338379,1202.90710449,ow
456.35055542,1260.69250488,ow
433.125762939,1052.12060547,ow
391.134490967,2239.67553711,ih
588.039428711,2298.50927734,ey
620.184997559,2048.29296875,eh
485.53112793,1172.78637695,ao
431.739074707,1935.74902344,iy
234.547805786,2106.27148438,uw
638.119018555,1865.0982666,eh
478.952728271,1790.78662109,eh
231.231277466,1193.08007812,ow
462.681762695,1886.38586426,eh
505.936676025,1388.69274902,ao
511.106140137,1163.1875,ow
287.176116943,1530.16259766,eh
294.195098877,2275.49536133,ey
462.481079102,904.454101562,ao
422.066070557,2398.57519531,iy
203.163574219,2666.9621582,iy
416.922729492,1032.65893555,ow
486.3956604,858.862487793,ao
625.835205078,1389.22753906,ow
344.089019775,850.618774414,ow
369.096557617,2163.30029297,uw
419.631530762,1250.48535156,ow
344.59552002,1671.64575195,ax
451.500244141,2315.59741211,ih
710.951782227,1899.4498291,eh
641.640930176,1334.82006836,ow
386.18661499,1698.36828613,eh
271.334686279,1786.19836426,ih
213.242218018,1284.35266113,ow
626.291320801,1520.82470703,ow
436.034210205,2672.5793457,ey
630.594177246,1682.75915527,ow
417.207489014,1794.42663574,ax
429.578582764,1820.0559082,iy
444.830718994,1619.33984375,iy
374.247711182,1602.0435791,uw
207.316085815,1323.34765625,uw
403.226745605,1781.54772949,ax
514.735900879,1086.1965332,ow
453.39163208,1234.16674805,uw
234.021377563,1151.07641602,ow
412.799591064,1392.3494873,ow
651.020874023,1309.27380371,ow
494.995422363,1132.78967285,ow
458.992858887,2361.11962891,ey
426.993133545,1727.7767334,uw
490.292144775,2510.93774414,ey
271.137054443,2033.17260742,ih
571.347412109,2389.30371094,ey
684.961547852,1923.81237793,eh
627.15814209,1922.47753906,eh
435.236206055,2025.31933594,uw
414.080718994,1530.49316406,ow
416.734924316,1522.28271484,iy
411.017974854,1773.77819824,iy
420.942474365,2337.63696289,ih
647.922302246,1378.92993164,ow
429.888397217,1494.33679199,iy
599.044372559,1879.81933594,eh
415.58770752,1469.1463623,ow
432.091125488,2271.94775391,ih
413.505187988,2224.98120117,iy
405.284759521,1641.28051758,eh
487.644470215,2384.18945312,ey
238.774185181,874.182434082,ow
430.138153076,2310.72119141,ih
206.67074585,2620.77392578,iy
503.989196777,2417.74145508,ey
376.074249268,2365.10620117,iy
417.707611084,1592.67297363,ow
213.185256958,1659.72058105,ow
384.730865479,1936.50427246,ax
422.917327881,1024.04248047,ow
487.143066406,2390.97070312,ey
310.557495117,1657.37341309,iy
343.9347229,2358.26733398,ax
598.037109375,1289.3918457,ao
422.806091309,1381.9621582,ow
321.352111816,2342.28833008,ih
376.050628662,2510.41333008,ey
393.031738281,2027.40881348,uw
622.664550781,1246.33337402,ow
550.141479492,1119.60192871,ow
403.154693604,2008.01208496,iy
694.231201172,1892.2689209,eh
212.518997192,1214.73803711,ey
392.100799561,1994.76867676,uw
554.278320312,1289.17089844,uw
682.571166992,1384.72961426,ow
603.612609863,1771.3927002,ey
450.142669678,2374.76831055,ih
578.663818359,1924.63452148,eh
362.589935303,1631.92431641,uw
608.905029297,1304.05773926,ow
304.704193115,2141.85888672,ey
409.870605469,1635.88232422,iy
799.768798828,1912.69274902,iy
521.33203125,1203.27026367,ow
631.335632324,1202.18615723,ow
518.945617676,1315.68066406,ow
629.417175293,1467.77648926,ow
621.63293457,1900.27563477,eh
266.999237061,1106.93591309,ow
667.604797363,1496.66784668,ow
244.311065674,1972.12683105,iy
657.608947754,1325.20483398,ow
488.933807373,982.315246582,ao
657.915527344,1319.6114502,ow
210.793197632,1010.23699951,ow
430.604156494,2343.21655273,ih
440.507354736,1114.48278809,ao
364.250091553,2110.79492188,ah
348.975006104,990.02746582,ow
615.187438965,1612.47497559,ey
424.090332031,1418.04431152,ao
385.096954346,2530.88989258,ey
611.738708496,1399.83312988,ow
423.132751465,1524.89001465,ow
200.371170044,1263.97241211,uw
457.837524414,2335.07104492,ih
449.258575439,826.246337891,ao
477.799743652,1622.09899902,iy
414.717559814,2369.63452148,ih
398.504608154,2397.85546875,iy
414.832580566,2021.84387207,iy
591.949279785,1278.36218262,ow
451.195495605,1931.47546387,ax
572.004089355,2332.15966797,ey
467.903564453,1110.19750977,ao
213.527832031,1116.1217041,ow
616.840393066,1441.06115723,ow
624.366516113,1276.7467041,ow
656.132202148,1553.35314941,ow
403.79800415,2519.26928711,ey
271.90802002,1638.88781738,uw
560.457763672,2265.47949219,ey
443.068084717,1330.70153809,ow
318.977966309,1381.80322266,ow
442.254486084,2095.74169922,ih
464.074798584,1879.68994141,iy
329.336181641,2583.16259766,iy
280.902008057,2537.83007812,iy
537.690490723,1088.3918457,ao
441.343933105,2044.77661133,iy
660.311828613,1450.44348145,ow
417.747772217,2173.41162109,ih
485.654693604,1379.94580078,ow
424.03616333,829.760253906,ao
334.028686523,1989.80053711,uw
268.451690674,923.325073242,ow
298.528533936,1015.3380127,ow
379.911376953,2194.90136719,ih
401.80859375,1910.61938477,uw
449.120300293,2291.85400391,ey
469.901580811,1075.65856934,ow
662.137023926,1368.68493652,ow
580.257568359,1413.83251953,ow
475.779571533,2253.3190918,ih
463.854980469,1629.29431152,iy
575.308654785,1385.18701172,ow
412.549530029,1210.61877441,uw
461.037506104,1620.77490234,ah
681.372619629,1343.8638916,ow
637.607543945,1318.84545898,ow
451.274871826,920.658996582,ao
605.668823242,1361.77734375,ao
623.02722168,1745.4901123,ow
259.108795166,1981.48327637,ih
339.575042725,1817.21447754,uw
461.902923584,1669.67834473,iy
407.336730957,2233.82543945,ih
398.182037354,2495.52978516,ey
464.269744873,1843.42675781,ax
386.656433105,1818.87207031,uw
347.824890137,1721.0637207,ax
607.953979492,1341.90734863,ow
445.981536865,874.908447266,ao
466.454437256,1010.23974609,ow
365.760070801,2075.19116211,uw
468.551940918,965.966125488,ao
365.579040527,1848.33874512,ax
362.204711914,2724.52392578,iy
242.089294434,1731.41394043,ow
416.727081299,1541.65332031,ow
437.075378418,1329.01843262,ow
424.258972168,1702.99230957,ah
447.179351807,2115.61157227,iy
439.882171631,2425.54785156,iy
421.938323975,1850.64013672,iy
195.111907959,2633.43139648,iy
351.657775879,2194.82739258,ey
637.971252441,1347.68969727,ah
421.429107666,1636.11730957,eh
486.44418335,1262.43127441,ao
452.32800293,1806.95483398,iy
405.754150391,1544.79138184,ax
415.449890137,2109.91748047,iy
386.642150879,772.087768555,ao
606.243835449,2136.01879883,ey
270.756591797,2414.62329102,ax
357.295776367,1679.63000488,uw
503.111175537,1197.5859375,ow
443.886566162,2109.97509766,ih
253.034713745,2368.96118164,iy
447.21685791,2325.35302734,ih
425.310821533,2264.38256836,iy
424.250244141,2445.81445312,iy
646.653442383,1988.90881348,eh
521.941650391,1156.23876953,ao
483.075164795,2234.265625,ih
378.548522949,2252.703125,iy
263.382629395,2104.07006836,ey
470.102813721,1303.16809082,ow
308.295013428,2019.22802734,iy
364.748504639,2461.99267578,ey
402.771270752,2046.02124023,uw
681.47076416,1396.67285156,ow
368.441955566,1867.9654541,uw
597.202148438,1862.75598145,eh
417.730499268,2329.52246094,ih
451.090179443,1851.70922852,ax
413.428863525,2076.28369141,ih
438.864227295,1446.37329102,ow
430.161651611,1977.08398438,uw
401.580810547,1774.0123291,ax
399.943511963,1804.41796875,ax
392.202941895,1961.1517334,uw
408.985839844,1839.98217773,uw
432.356719971,2459.24047852,iy
565.233459473,2302.91918945,ey
607.893432617,2190.05810547,ey
432.149993896,2231.88964844,ih
574.749328613,1247.9519043,ow
418.369384766,2357.77099609,iy
409.657165527,2457.625,iy
229.523956299,1099.29638672,ow
605.688293457,1415.01489258,ow
416.180969238,2052.42626953,uw
398.985015869,785.207824707,ao
406.849365234,2083.0559082,iy
412.245452881,2558.08813477,ey
729.721069336,1325.86083984,ah
507.398681641,1244.8380127,uw
612.3671875,1457.38476562,ow
422.156341553,2136.47802734,uw
416.308410645,1032.61608887,ow
543.349975586,1278.72949219,ao
429.496185303,1695.44433594,iy
618.98840332,1849.82873535,ah
525.293395996,2379.18847656,ey
667.114746094,1983.10754395,eh
382.590606689,1817.37353516,ah
457.385131836,1772.68286133,ah
443.154632568,1435.26867676,ao
470.812408447,985.401245117,ao
426.108062744,2175.11303711,ih
475.455413818,2340.60375977,iy
350.445709229,1489.20739746,ow
422.99697876,1017.85968018,ow
427.959991455,1769.50195312,ah
388.871246338,2122.81152344,uw
573.521362305,1119.53125,ow
594.690795898,1925.34912109,eh
351.630615234,2471.15185547,ey
376.690673828,1715.88696289,ah
628.842956543,2323.63842773,ey
602.512939453,1316.57653809,ow
686.881347656,1423.78894043,ah
664.899291992,1600.72851562,ow
427.316040039,1737.08569336,ah
438.092498779,1879.0579834,ax
452.470306396,1401.98742676,ah
727.502624512,1541.49584961,ah
605.040588379,1889.67895508,eh
385.542205811,2100.89477539,uw
331.750854492,2027.15722656,uw
394.958831787,1765.63134766,ah
364.752532959,1102.72302246,ow
676.976074219,1923.22045898,eh
572.174133301,1192.63500977,ao
448.263458252,892.506408691,ao
596.308349609,1242.60314941,ow
369.807922363,2090.83862305,ih
599.035705566,2420.45629883,ey
482.240692139,1334.89379883,ow
455.10635376,1299.11535645,ao
498.188079834,1089.34362793,ow
203.252059937,2601.93432617,iy
312.994567871,2252.26367188,ey
617.139282227,2149.24951172,ey
395.242462158,1712.65808105,uw
440.985870361,1812.62768555,ax
452.724212646,1903.0892334,iy
428.495422363,1767.11242676,ax
456.063232422,868.502563477,ao
359.037139893,2519.86499023,iy
653.776245117,1884.19482422,eh
626.248901367,2316.45825195,iy
474.633361816,2052.91430664,ih
355.389648438,1000.58154297,ow
651.934204102,1551.91088867,ow
525.28527832,2375.14599609,ey
479.685699463,2263.21362305,ih
305.689941406,1183.69458008,ow
608.362426758,1452.24047852,ow
356.367797852,1785.57531738,uw
525.441345215,1271.54846191,ow
620.385131836,1981.11218262,eh
667.299682617,1640.23803711,ow
452.532104492,1350.37683105,ow
215.883163452,1957.77087402,ow
382.521728516,1656.87512207,ah
411.049102783,1743.65490723,iy
608.070739746,1335.67687988,ow
413.240203857,2421.79614258,iy
360.655944824,2351.31225586,iy
329.021240234,2410.19604492,iy
603.75592041,1414.65441895,ow
446.828155518,2000.48474121,uw
628.793029785,2024.10668945,eh
464.250976562,1427.73156738,ow
410.623748779,1852.5592041,iy
315.409240723,1883.16369629,uw
482.584289551,1688.41784668,eh
475.100463867,2361.19995117,iy
283.391265869,1244.78088379,ow
273.769317627,1736.80407715,ih
377.987518311,1495.95483398,ow
602.054382324,1441.08117676,ow
502.816833496,1589.01013184,ah
650.626159668,1586.07873535,ow
585.594970703,1363.23376465,ow
217.898498535,1635.78637695,ow
625.427062988,1916.40124512,eh
419.525787354,2190.29174805,iy
576.880065918,1198.41137695,ow
466.634338379,1531.875,ao
334.08984375,1388.2611084,uw
426.820861816,2597.80444336,ey
605.629577637,1476.99487305,ow
505.623596191,1697.16418457,iy
394.328643799,1804.94848633,ah
542.086791992,1300.02624512,ow
537.843811035,1396.31188965,ow
807.90246582,1671.14538574,ah
411.870513916,2394.08618164,ey
248.342269897,1167.85791016,uw
208.179946899,1176.5135498,ow
196.529693604,1427.30322266,uw
420.703155518,2481.64306641,iy
376.479095459,2561.28076172,ey
207.647247314,1168.10058594,ow
335.34387207,2232.54418945,ax
295.701599121,2001.43493652,iy
371.560577393,2033.57324219,ih
472.863037109,1234.82446289,ow
559.922058105,1281.03210449,uw
465.739349365,1465.3137207,ao
697.870239258,1479.06323242,ow
419.975524902,2275.1171875,ih
265.984741211,1744.57641602,ow
332.861022949,1123.71606445,ow
300.186828613,2315.39355469,ey
431.748260498,1805.53637695,ax
425.258575439,1616.4140625,uw
398.360443115,2034.11560059,uw
450.910217285,893.717224121,ao
357.574676514,2214.44287109,iy
551.187744141,1322.01000977,ao
519.598571777,2267.69213867,ey
376.003662109,1719.48364258,uw
373.958618164,1414.0826416,ey
596.887329102,1290.18103027,ow
459.003936768,1970.77441406,ey
521.104248047,1230.8458252,ow
454.751586914,2429.30371094,ey
386.599121094,2461.09716797,ey
307.524261475,2173.65551758,ey
474.607025146,2544.37548828,ey
288.753143311,1547.84387207,ow
449.649078369,885.51385498,ao
444.469787598,2252.75317383,ih
390.893920898,1528.25415039,uw
370.620239258,1698.00024414,ax
416.548675537,858.477050781,ao
386.765289307,2045.57128906,uw
611.92779541,1241.70605469,ow
276.604675293,2659.59326172,iy
409.437591553,1846.36450195,ax
470.267822266,1169.38696289,ao
416.902618408,1019.46392822,ow
705.311157227,1652.05212402,ah
538.085754395,1329.98474121,ow
326.379364014,2011.1574707,uw
430.364471436,2360.03540039,ey
443.386962891,2297.01464844,iy
405.053955078,1745.47912598,ah
547.964294434,1156.69238281,ao
518.010498047,1371.60192871,ow
235.879348755,2645.95166016,iy
626.940002441,2297.8371582,ey
303.825500488,2153.47875977,iy
280.70324707,827.86114502,ow
641.608764648,1244.92382812,ow
245.859191895,1781.28613281,iy
451.968597412,1918.75512695,iy
321.149291992,1987.74194336,uw
414.24005127,2233.15917969,uw
433.626464844,2168.38061523,ih
689.164550781,1603.88806152,ow
475.440429688,921.167907715,ao
362.72052002,1663.09057617,ah
422.015106201,1895.20251465,ah
455.306976318,940.568603516,ao
410.256561279,1715.7833252,uw
383.173095703,2167.90893555,ey
402.37890625,2551.52148438,iy
366.157348633,1997.56298828,uw
402.359466553,2343.43310547,ey
284.532226562,1946.20861816,uw
519.966430664,1727.82995605,eh
375.9765625,1540.05224609,uw
425.622009277,1205.94812012,ow
533.484802246,1349.8515625,ow
382.786132812,1479.93811035,uw
372.967987061,2056.48950195,uw
423.224609375,2195.74047852,ih
660.276794434,1511.69946289,ow
413.36038208,2224.90307617,ih
415.891540527,881.352416992,ow
395.574493408,2207.19091797,ih
238.644180298,1172.52490234,uw
297.102081299,2119.93994141,iy
535.831604004,1015.41876221,ao
382.93737793,2236.46923828,ih
424.734405518,1802.21069336,eh
613.214050293,1588.96972656,ow
446.732940674,2200.03271484,ih
527.606933594,1175.77990723,ow
199.643692017,1172.08544922,ow
581.045532227,1273.17602539,ow
450.184631348,2057.29150391,iy
568.598632812,1405.97497559,ah
515.715332031,1183.97180176,ow
437.296051025,947.947814941,ao
433.652984619,1403.61450195,ow
330.694824219,2168.10253906,uw
438.264404297,1070.62097168,ow
416.309112549,2124.35205078,uw
559.58782959,1805.21862793,iy
370.8515625,1427.90344238,uw
618.550598145,1459.5279541,ow
250.207260132,1112.52893066,uw
627.969360352,1452.0456543,ow
416.759613037,878.480651855,ao
392.838562012,1252.78173828,ow
564.67956543,2397.23291016,ey
616.688659668,1888.3182373,eh
426.836517334,2542.26513672,ey
659.665771484,1476.29882812,ow
417.367126465,1726.62841797,ah
725.078430176,1578.90466309,ow
451.196624756,2433.50244141,iy
651.678161621,1825.34362793,eh
336.985717773,2060.62255859,uw
434.018676758,1742.88366699,ax
496.663024902,1678.62683105,eh
610.347717285,1249.75915527,ow
418.958862305,2292.88354492,ey
216.786331177,1897.2253418,ow
422.852020264,1741.24780273,ah
321.415618896,983.449890137,ey
551.113037109,1215.28735352,ao
415.850158691,1710.61376953,iy
381.27243042,2367.24951172,iy
321.675689697,2303.7512207,ax
562.225280762,2206.54785156,ey
217.162826538,1377.59082031,uw
628.655334473,1949.98950195,eh
572.082641602,1345.45654297,ow
578.618652344,1396.62182617,ow
470.404846191,2271.49487305,ey
406.840332031,2204.11523438,ih
547.436157227,1375.22595215,ow
619.92401123,2216.08886719,ey
451.405883789,1600.05004883,ah
417.593902588,1239.89526367,ow
458.67388916,1045.03283691,ow
515.604125977,1724.16662598,iy
407.599945068,813.679077148,ao
635.916503906,1502.4609375,ow
425.217895508,2291.64477539,ih
309.912597656,1936.29675293,ey
352.428863525,985.461364746,ow
405.843841553,2182.20458984,uw
411.272460938,2379.07666016,iy
633.529602051,1864.7545166,eh
363.892059326,1342.46582031,ah
238.886001587,1188.69042969,uw
404.288482666,2240.0703125,ih
466.630981445,2335.81518555,ey
239.181472778,1158.64733887,uw
447.200622559,2343.91723633,ih
460.597167969,2012.42028809,iy
649.62512207,1608.69555664,ow
440.853393555,2406.14331055,ey
205.825866699,2669.04272461,iy
617.318664551,1410.90844727,ow
358.104125977,1912.7376709,ah
400.044067383,1085.83557129,ow
269.974700928,1967.97888184,uw
598.661132812,1199.63330078,ow
715.617858887,1200.42651367,ah
284.741485596,1601.53820801,eh
575.050415039,1261.08813477,ow
341.362640381,2259.14770508,uw
443.877563477,1731.29223633,iy
675.549194336,1451.44995117,ow
446.906036377,912.423706055,ao
503.202850342,1620.66125488,ah
422.584899902,2369.91577148,ih
455.88861084,1130.66174316,ow
342.229827881,1883.95397949,ow
413.018859863,1654.17236328,ah
412.294036865,1500.5402832,ih
369.364837646,2551.80834961,ey
405.138366699,1872.60864258,ax
575.120483398,1244.86828613,ow
571.055847168,1941.63696289,eh
436.443145752,1755.47253418,iy
662.317993164,1534.26708984,ow
456.642791748,1165.46142578,ow
448.009216309,1969.2956543,iy
653.628601074,1328.61193848,ow
544.294799805,2241.31103516,ey
431.326782227,2418.94140625,ih
439.658966064,1874.04870605,iy
407.663787842,2260.33764648,iy
401.442962646,1766.98974609,iy
545.243652344,1214.77966309,ow
337.183959961,1668.20275879,eh
457.34387207,1660.48181152,iy
426.002044678,1644.08312988,eh
430.74130249,1617.14660645,ax
420.236694336,2484.12231445,ey
397.539306641,1664.82128906,eh
427.113952637,2162.2409668,ih
208.541091919,1926.03295898,ow
620.114868164,1563.28527832,ow
454.194793701,1140.36035156,ow
425.422241211,1621.22070312,uw
428.516906738,1883.50183105,uw
421.113800049,864.827514648,ao
676.198425293,1449.6394043,ow
635.252502441,1401.04858398,ow
720.948730469,1915.91503906,eh
660.48651123,1386.13574219,ow
233.276855469,1989.61865234,ih
452.028106689,2445.54638672,iy
351.831726074,1577.72241211,ow
276.03717041,1701.20935059,ih
440.610046387,1955.44750977,iy
201.433242798,1038.37036133,ow
359.254058838,2438.88891602,iy
387.223327637,1543.53625488,ow
245.012451172,2541.50292969,iy
679.857727051,1351.75170898,ah
351.000274658,2381.32373047,ey
402.244842529,2173.81811523,ih
414.192108154,2501.77539062,ey
480.220306396,2212.47436523,ih
422.320556641,2439.14233398,ey
443.253173828,2072.69335938,uw
533.397644043,1117.19946289,ow
430.407989502,1545.4810791,ow
388.673675537,1594.17626953,uw
448.773071289,1272.95043945,ow
241.742111206,957.255371094,ow
452.762207031,1249.97180176,ow
764.008544922,1405.24560547,ah
538.911499023,1811.62805176,ah
450.688293457,925.274719238,ao
642.358093262,1851.51159668,eh
405.941741943,2250.30175781,iy
583.637451172,1332.85205078,ow
433.430114746,1546.02807617,ow
191.267120361,2584.59863281,iy
512.323486328,2293.81811523,ey
547.318237305,1724.81994629,eh
448.406524658,2068.91015625,uw
521.166381836,1156.59399414,ow
406.343353271,1068.4967041,ow
634.116821289,1558.36779785,ow
443.285827637,2434.03442383,iy
346.657806396,2332.61035156,ey
394.345794678,1783.32775879,ah
631.326599121,1933.47802734,eh
394.912506104,789.811706543,ao
657.385192871,1432.05993652,ah
461.006500244,1280.40686035,ow
393.537689209,2346.24829102,iy
638.800415039,1901.1361084,eh
646.519226074,1826.81677246,eh
614.079956055,1298.89599609,ow
228.401321411,819.43762207,ow
617.165100098,1569.56982422,ow
624.154785156,1357.88830566,ow
302.949401855,1985.08813477,uw
391.634979248,2328.3190918,iy
557.073242188,2319.31665039,ey
383.373260498,1470.10571289,ow
612.472106934,2173.24731445,ey
516.635681152,2184.65722656,ey
239.466781616,1135.27539062,uw
660.125244141,1525.07275391,ow
228.234237671,2182.69824219,uw
190.811843872,2494.86328125,ow
599.049865723,1309.8659668,ow
502.571350098,1235.02746582,ow
368.369049072,1883.68652344,uw
473.821807861,2246.13842773,ey
1001.46960449,1393.00842285,ah
477.256530762,1186.4765625,ow
440.0753479,1514.40380859,iy
546.715637207,2039.93273926,ey
579.600463867,1269.14880371,ow
415.84463501,903.739624023,ow
331.816955566,2129.40991211,ih
589.607116699,1216.42590332,ow
428.285614014,1450.34643555,ah
483.394775391,2210.08374023,ih
595.897399902,1233.3416748,ow
364.750396729,2214.35961914,ey
401.222381592,2378.79418945,ih
631.404968262,1463.34033203,ow
426.839141846,2223.4140625,iy
465.892456055,2396.43505859,ih
353.618225098,2315.03588867,ih
559.704650879,1235.71875,ow
422.726837158,855.097961426,ao
637.615661621,1913.53369141,eh
439.495422363,2540.69799805,ey
414.334381104,2172.52954102,iy
496.698242188,2478.3215332,ey
460.540740967,2107.80053711,ih
485.463531494,2422.11230469,ey
375.669433594,1639.99645996,ow
412.804473877,2087.99145508,uw
420.269226074,1626.82641602,ah
403.222686768,2144.91845703,uw
372.328674316,2514.04248047,ey
628.327026367,1321.38818359,ow
636.512512207,1920.42541504,eh
392.536651611,2363.04614258,iy
278.180267334,2331.66455078,iy
532.230529785,1364.50830078,ao
338.736694336,1702.09912109,eh
416.844848633,1795.19665527,iy
232.276489258,1374.08972168,uw
437.671539307,2465.28466797,ey
420.617675781,1396.19519043,ow
239.354385376,2482.86791992,iy
426.442047119,2101.65185547,ih
665.964538574,1810.56567383,iy
575.641906738,1375.11645508,ow
725.116516113,1371.86669922,ow
435.383544922,1803.5904541,ax
435.977752686,884.677490234,ao
585.701599121,1799.90246582,eh
484.372161865,860.242248535,ao
611.829650879,1506.27954102,ow
588.257751465,1281.97094727,ow
